STRUCTURE,STRUCTURE_ID,STRUCTURE_NAME,freq,Time frequency,waste,Waste categories,unit,Unit of measure,geo,Geopolitical entity (reporting),TIME_PERIOD,Time,OBS_VALUE,Observation value,OBS_FLAG,Observation status (Flag) V2 structure,CONF_STATUS,Confidentiality status (flag)
dataflow,ESTAT:CEI_WM020(1.0),Recycling rate of packaging waste by type of packaging,A,Annual,W1501,Packaging,RT_TGT2025,Rate (2025 target and onwards),AT,Austria,2000,,69.4,,,,,
dataflow,ESTAT:CEI_WM020(1.0),Recycling rate of packaging waste by type of packaging,A,Annual,W1501,Packaging,RT_TGT2025,Rate (2025 target and onwards),AT,Austria,2001,,64.3,,,,,
dataflow,ESTAT:CEI_WM020(1.0),Recycling rate of packaging waste by type of packaging,A,Annual,W1501,Packaging,RT_TGT2025,Rate (2025 target and onwards),AT,Austria,2002,,65.9,,,,,
dataflow,ESTAT:CEI_WM020(1.0),Recycling rate of packaging waste by type of packaging,A,Annual,W1501,Packaging,RT_TGT2025,Rate (2025 target and onwards),AT,Austria,2003,,64.2,,,,,
dataflow,ESTAT:CEI_WM020(1.0),Recycling rate of packaging waste by type of packaging,A,Annual,W1501,Packaging,RT_TGT2025,Rate (2025 target and onwards),AT,Austria,2004,,66.2,,,,,
dataflow,ESTAT:CEI_WM020(1.0),Recycling rate of packaging waste by type of packaging,A,Annual,W1501,Packaging,RT_TGT2025,Rate (2025 target and onwards),AT,Austria,2005,,66.9,,,,,
dataflow,ESTAT:CEI_WM020(1.0),Recycling rate of packaging waste by type of packaging,A,Annual,W1501,Packaging,RT_TGT2025,Rate (2025 target and onwards),AT,Austria,2006,,68.4,,,,,
dataflow,ESTAT:CEI_WM020(1.0),Recycling rate of packaging waste by type of packaging,A,Annual,W1501,Packaging,RT_TGT2025,Rate (2025 target and onwards),AT,Austria,2007,,67.2,,,,,
dataflow,ESTAT:CEI_WM020(1.0),Recycling rate of packaging waste by type of packaging,A,Annual,W1501,Packaging,RT_TGT2025,Rate (2025 target and onwards),AT,Austria,2008,,67.9,,,,,
dataflow,ESTAT:CEI_WM020(1.0),Recycling rate of packaging waste by type of packaging,A,Annual,W1501,Packaging,RT_TGT2025,Rate (2025 target and onwards),AT,Austria,2009,,66.9,,,,,
dataflow,ESTAT:CEI_WM020(1.0),Recycling rate of packaging waste by type of packaging,A,Annual,W1501,Packaging,RT_TGT2025,Rate (2025 target and onwards),AT,Austria,2010,,66.6,,,,,
dataflow,ESTAT:CEI_WM020(1.0),Recycling rate of packaging waste by type of packaging,A,Annual,W1501,Packaging,RT_TGT2025,Rate (2025 target and onwards),AT,Austria,2011,,65.8,,,,,
dataflow,ESTAT:CEI_WM020(1.0),Recycling rate of packaging waste by type of packaging,A,Annual,W1501,Packaging,RT_TGT2025,Rate (2025 target and onwards),AT,Austria,2012,,65.9,,,,,
dataflow,ESTAT:CEI_WM020(1.0),Recycling rate of packaging waste by type of packaging,A,Annual,W1501,Packaging,RT_TGT2025,Rate (2025 target and onwards),AT,Austria,2013,,66.6,,,,,
dataflow,ESTAT:CEI_WM020(1.0),Recycling rate of packaging waste by type of packaging,A,Annual,W1501,Packaging,RT_TGT2025,Rate (2025 target and onwards),AT,Austria,2014,,66.6,,,,,
dataflow,ESTAT:CEI_WM020(1.0),Recycling rate of packaging waste by type of packaging,A,Annual,W1501,Packaging,RT_TGT2025,Rate (2025 target and onwards),AT,Austria,2015,,67.1,,,,,
dataflow,ESTAT:CEI_WM020(1.0),Recycling rate of packaging waste by type of packaging,A,Annual,W1501,Packaging,RT_TGT2025,Rate (2025 target and onwards),AT,Austria,2016,,66.8,,,,,
dataflow,ESTAT:CEI_WM020(1.0),Recycling rate of packaging waste by type of packaging,A,Annual,W1501,Packaging,RT_TGT2025,Rate (2025 target and onwards),AT,Austria,2017,,65.6,,,,,
dataflow,ESTAT:CEI_WM020(1.0),Recycling rate of packaging waste by type of packaging,A,Annual,W1501,Packaging,RT_TGT2025,Rate (2025 target and onwards),AT,Austria,2018,,65.5,,,,,
dataflow,ESTAT:CEI_WM020(1.0),Recycling rate of packaging waste by type of packaging,A,Annual,W1501,Packaging,RT_TGT2025,Rate (2025 target and onwards),AT,Austria,2019,,65.4,,,,,
dataflow,ESTAT:CEI_WM020(1.0),Recycling rate of packaging waste by type of packaging,A,Annual,W1501,Packaging,RT_TGT2025,Rate (2025 target and onwards),AT,Austria,2020,,63.7,,,,,
dataflow,ESTAT:CEI_WM020(1.0),Recycling rate of packaging waste by type of packaging,A,Annual,W1501,Packaging,RT_TGT2025,Rate (2025 target and onwards),AT,Austria,2021,,65.6,,,,,
dataflow,ESTAT:CEI_WM020(1.0),Recycling rate of packaging waste by type of packaging,A,Annual,W1501,Packaging,RT_TGT2025,Rate (2025 target and onwards),AT,Austria,2022,,66.2,,,,,
dataflow,ESTAT:CEI_WM020(1.0),Recycling rate of packaging waste by type of packaging,A,Annual,W1501,Packaging,RT_TGT2025,Rate (2025 target and onwards),AT,Austria,2023,,64.9,,,,,
dataflow,ESTAT:CEI_WM020(1.0),Recycling rate of packaging waste by type of packaging,A,Annual,W1501,Packaging,RT_TGT2025,Rate (2025 target and onwards),BE,Belgium,2000,,62.5,,,,,
dataflow,ESTAT:CEI_WM020(1.0),Recycling rate of packaging waste by type of packaging,A,Annual,W1501,Packaging,RT_TGT2025,Rate (2025 target and onwards),BE,Belgium,2001,,71.3,,,,,
dataflow,ESTAT:CEI_WM020(1.0),Recycling rate of packaging waste by type of packaging,A,Annual,W1501,Packaging,RT_TGT2025,Rate (2025 target and onwards),BE,Belgium,2002,,70.2,,,,,
dataflow,ESTAT:CEI_WM020(1.0),Recycling rate of packaging waste by type of packaging,A,Annual,W1501,Packaging,RT_TGT2025,Rate (2025 target and onwards),BE,Belgium,2003,,73.9,,,,,
dataflow,ESTAT:CEI_WM020(1.0),Recycling rate of packaging waste by type of packaging,A,Annual,W1501,Packaging,RT_TGT2025,Rate (2025 target and onwards),BE,Belgium,2004,,76.4,,,,,
dataflow,ESTAT:CEI_WM020(1.0),Recycling rate of packaging waste by type of packaging,A,Annual,W1501,Packaging,RT_TGT2025,Rate (2025 target and onwards),BE,Belgium,2005,,76.8,,,,,
dataflow,ESTAT:CEI_WM020(1.0),Recycling rate of packaging waste by type of packaging,A,Annual,W1501,Packaging,RT_TGT2025,Rate (2025 target and onwards),BE,Belgium,2006,,79,,,,,
dataflow,ESTAT:CEI_WM020(1.0),Recycling rate of packaging waste by type of packaging,A,Annual,W1501,Packaging,RT_TGT2025,Rate (2025 target and onwards),BE,Belgium,2007,,80.4,,,,,
dataflow,ESTAT:CEI_WM020(1.0),Recycling rate of packaging waste by type of packaging,A,Annual,W1501,Packaging,RT_TGT2025,Rate (2025 target and onwards),BE,Belgium,2008,,78.9,,,,,
dataflow,ESTAT:CEI_WM020(1.0),Recycling rate of packaging waste by type of packaging,A,Annual,W1501,Packaging,RT_TGT2025,Rate (2025 target and onwards),BE,Belgium,2009,,79.1,,,,,
dataflow,ESTAT:CEI_WM020(1.0),Recycling rate of packaging waste by type of packaging,A,Annual,W1501,Packaging,RT_TGT2025,Rate (2025 target and onwards),BE,Belgium,2010,,79.8,,,,,
dataflow,ESTAT:CEI_WM020(1.0),Recycling rate of packaging waste by type of packaging,A,Annual,W1501,Packaging,RT_TGT2025,Rate (2025 target and onwards),BE,Belgium,2011,,80.2,,,,,
dataflow,ESTAT:CEI_WM020(1.0),Recycling rate of packaging waste by type of packaging,A,Annual,W1501,Packaging,RT_TGT2025,Rate (2025 target and onwards),BE,Belgium,2012,,80.3,,,,,
dataflow,ESTAT:CEI_WM020(1.0),Recycling rate of packaging waste by type of packaging,A,Annual,W1501,Packaging,RT_TGT2025,Rate (2025 target and onwards),BE,Belgium,2013,,78.7,,,,,
dataflow,ESTAT:CEI_WM020(1.0),Recycling rate of packaging waste by type of packaging,A,Annual,W1501,Packaging,RT_TGT2025,Rate (2025 target and onwards),BE,Belgium,2014,,81.3,,,,,
dataflow,ESTAT:CEI_WM020(1.0),Recycling rate of packaging waste by type of packaging,A,Annual,W1501,Packaging,RT_TGT2025,Rate (2025 target and onwards),BE,Belgium,2015,,81.5,,,,,
dataflow,ESTAT:CEI_WM020(1.0),Recycling rate of packaging waste by type of packaging,A,Annual,W1501,Packaging,RT_TGT2025,Rate (2025 target and onwards),BE,Belgium,2016,,81.9,,,,,
dataflow,ESTAT:CEI_WM020(1.0),Recycling rate of packaging waste by type of packaging,A,Annual,W1501,Packaging,RT_TGT2025,Rate (2025 target and onwards),BE,Belgium,2017,,83.8,,,,,
dataflow,ESTAT:CEI_WM020(1.0),Recycling rate of packaging waste by type of packaging,A,Annual,W1501,Packaging,RT_TGT2025,Rate (2025 target and onwards),BE,Belgium,2018,,85.3,,,,,
dataflow,ESTAT:CEI_WM020(1.0),Recycling rate of packaging waste by type of packaging,A,Annual,W1501,Packaging,RT_TGT2025,Rate (2025 target and onwards),BE,Belgium,2019,,83.5,,,,,
dataflow,ESTAT:CEI_WM020(1.0),Recycling rate of packaging waste by type of packaging,A,Annual,W1501,Packaging,RT_TGT2025,Rate (2025 target and onwards),BE,Belgium,2020,,79.7,,,,,
dataflow,ESTAT:CEI_WM020(1.0),Recycling rate of packaging waste by type of packaging,A,Annual,W1501,Packaging,RT_TGT2025,Rate (2025 target and onwards),BE,Belgium,2021,,80.4,,,,,
dataflow,ESTAT:CEI_WM020(1.0),Recycling rate of packaging waste by type of packaging,A,Annual,W1501,Packaging,RT_TGT2025,Rate (2025 target and onwards),BE,Belgium,2022,,80.4,,,,,
dataflow,ESTAT:CEI_WM020(1.0),Recycling rate of packaging waste by type of packaging,A,Annual,W1501,Packaging,RT_TGT2025,Rate (2025 target and onwards),BE,Belgium,2023,,79.7,,,,,
dataflow,ESTAT:CEI_WM020(1.0),Recycling rate of packaging waste by type of packaging,A,Annual,W1501,Packaging,RT_TGT2025,Rate (2025 target and onwards),BG,Bulgaria,2005,,30.8,,,,,
dataflow,ESTAT:CEI_WM020(1.0),Recycling rate of packaging waste by type of packaging,A,Annual,W1501,Packaging,RT_TGT2025,Rate (2025 target and onwards),BG,Bulgaria,2006,,35,,,,,
dataflow,ESTAT:CEI_WM020(1.0),Recycling rate of packaging waste by type of packaging,A,Annual,W1501,Packaging,RT_TGT2025,Rate (2025 target and onwards),BG,Bulgaria,2007,,54.8,,,,,
dataflow,ESTAT:CEI_WM020(1.0),Recycling rate of packaging waste by type of packaging,A,Annual,W1501,Packaging,RT_TGT2025,Rate (2025 target and onwards),BG,Bulgaria,2008,,50.3,,,,,
dataflow,ESTAT:CEI_WM020(1.0),Recycling rate of packaging waste by type of packaging,A,Annual,W1501,Packaging,RT_TGT2025,Rate (2025 target and onwards),BG,Bulgaria,2009,,45.9,,,,,
dataflow,ESTAT:CEI_WM020(1.0),Recycling rate of packaging waste by type of packaging,A,Annual,W1501,Packaging,RT_TGT2025,Rate (2025 target and onwards),BG,Bulgaria,2010,,61.6,,,,,
dataflow,ESTAT:CEI_WM020(1.0),Recycling rate of packaging waste by type of packaging,A,Annual,W1501,Packaging,RT_TGT2025,Rate (2025 target and onwards),BG,Bulgaria,2011,,65.1,,,,,
dataflow,ESTAT:CEI_WM020(1.0),Recycling rate of packaging waste by type of packaging,A,Annual,W1501,Packaging,RT_TGT2025,Rate (2025 target and onwards),BG,Bulgaria,2012,,66.5,,,,,
dataflow,ESTAT:CEI_WM020(1.0),Recycling rate of packaging waste by type of packaging,A,Annual,W1501,Packaging,RT_TGT2025,Rate (2025 target and onwards),BG,Bulgaria,2013,,65.7,,,,,
dataflow,ESTAT:CEI_WM020(1.0),Recycling rate of packaging waste by type of packaging,A,Annual,W1501,Packaging,RT_TGT2025,Rate (2025 target and onwards),BG,Bulgaria,2014,,62,,,,,
dataflow,ESTAT:CEI_WM020(1.0),Recycling rate of packaging waste by type of packaging,A,Annual,W1501,Packaging,RT_TGT2025,Rate (2025 target and onwards),BG,Bulgaria,2015,,64.1,,,,,
dataflow,ESTAT:CEI_WM020(1.0),Recycling rate of packaging waste by type of packaging,A,Annual,W1501,Packaging,RT_TGT2025,Rate (2025 target and onwards),BG,Bulgaria,2016,,63.8,,,,,
dataflow,ESTAT:CEI_WM020(1.0),Recycling rate of packaging waste by type of packaging,A,Annual,W1501,Packaging,RT_TGT2025,Rate (2025 target and onwards),BG,Bulgaria,2017,,65.6,,,,,
dataflow,ESTAT:CEI_WM020(1.0),Recycling rate of packaging waste by type of packaging,A,Annual,W1501,Packaging,RT_TGT2025,Rate (2025 target and onwards),BG,Bulgaria,2018,,60.4,,,,,
dataflow,ESTAT:CEI_WM020(1.0),Recycling rate of packaging waste by type of packaging,A,Annual,W1501,Packaging,RT_TGT2025,Rate (2025 target and onwards),BG,Bulgaria,2019,,61.2,,,,,
dataflow,ESTAT:CEI_WM020(1.0),Recycling rate of packaging waste by type of packaging,A,Annual,W1501,Packaging,RT_TGT2025,Rate (2025 target and onwards),BG,Bulgaria,2021,,57.9,,,,,
dataflow,ESTAT:CEI_WM020(1.0),Recycling rate of packaging waste by type of packaging,A,Annual,W1501,Packaging,RT_TGT2025,Rate (2025 target and onwards),BG,Bulgaria,2022,,58.3,,,,,
dataflow,ESTAT:CEI_WM020(1.0),Recycling rate of packaging waste by type of packaging,A,Annual,W1501,Packaging,RT_TGT2025,Rate (2025 target and onwards),CY,Cyprus,2004,,22,,,,,
dataflow,ESTAT:CEI_WM020(1.0),Recycling rate of packaging waste by type of packaging,A,Annual,W1501,Packaging,RT_TGT2025,Rate (2025 target and onwards),CY,Cyprus,2005,,11.1,,,,,
dataflow,ESTAT:CEI_WM020(1.0),Recycling rate of packaging waste by type of packaging,A,Annual,W1501,Packaging,RT_TGT2025,Rate (2025 target and onwards),CY,Cyprus,2006,,25.2,,,,,
dataflow,ESTAT:CEI_WM020(1.0),Recycling rate of packaging waste by type of packaging,A,Annual,W1501,Packaging,RT_TGT2025,Rate (2025 target and onwards),CY,Cyprus,2007,,25.7,,,,,
dataflow,ESTAT:CEI_WM020(1.0),Recycling rate of packaging waste by type of packaging,A,Annual,W1501,Packaging,RT_TGT2025,Rate (2025 target and onwards),CY,Cyprus,2008,,34,,e,estimated,,
dataflow,ESTAT:CEI_WM020(1.0),Recycling rate of packaging waste by type of packaging,A,Annual,W1501,Packaging,RT_TGT2025,Rate (2025 target and onwards),CY,Cyprus,2009,,42.2,,,,,
dataflow,ESTAT:CEI_WM020(1.0),Recycling rate of packaging waste by type of packaging,A,Annual,W1501,Packaging,RT_TGT2025,Rate (2025 target and onwards),CY,Cyprus,2010,,50,,,,,
dataflow,ESTAT:CEI_WM020(1.0),Recycling rate of packaging waste by type of packaging,A,Annual,W1501,Packaging,RT_TGT2025,Rate (2025 target and onwards),CY,Cyprus,2011,,52,,,,,
dataflow,ESTAT:CEI_WM020(1.0),Recycling rate of packaging waste by type of packaging,A,Annual,W1501,Packaging,RT_TGT2025,Rate (2025 target and onwards),CY,Cyprus,2012,,55.3,,e,estimated,,
dataflow,ESTAT:CEI_WM020(1.0),Recycling rate of packaging waste by type of packaging,A,Annual,W1501,Packaging,RT_TGT2025,Rate (2025 target and onwards),CY,Cyprus,2013,,56.6,,,,,
dataflow,ESTAT:CEI_WM020(1.0),Recycling rate of packaging waste by type of packaging,A,Annual,W1501,Packaging,RT_TGT2025,Rate (2025 target and onwards),CY,Cyprus,2014,,58.7,,,,,
dataflow,ESTAT:CEI_WM020(1.0),Recycling rate of packaging waste by type of packaging,A,Annual,W1501,Packaging,RT_TGT2025,Rate (2025 target and onwards),CY,Cyprus,2015,,59.8,,,,,
dataflow,ESTAT:CEI_WM020(1.0),Recycling rate of packaging waste by type of packaging,A,Annual,W1501,Packaging,RT_TGT2025,Rate (2025 target and onwards),CY,Cyprus,2016,,64.6,,,,,
dataflow,ESTAT:CEI_WM020(1.0),Recycling rate of packaging waste by type of packaging,A,Annual,W1501,Packaging,RT_TGT2025,Rate (2025 target and onwards),CY,Cyprus,2017,,66.2,,,,,
dataflow,ESTAT:CEI_WM020(1.0),Recycling rate of packaging waste by type of packaging,A,Annual,W1501,Packaging,RT_TGT2025,Rate (2025 target and onwards),CY,Cyprus,2018,,70.2,,,,,
dataflow,ESTAT:CEI_WM020(1.0),Recycling rate of packaging waste by type of packaging,A,Annual,W1501,Packaging,RT_TGT2025,Rate (2025 target and onwards),CY,Cyprus,2019,,66.8,,,,,
dataflow,ESTAT:CEI_WM020(1.0),Recycling rate of packaging waste by type of packaging,A,Annual,W1501,Packaging,RT_TGT2025,Rate (2025 target and onwards),CY,Cyprus,2020,,59.9,,e,estimated,,
dataflow,ESTAT:CEI_WM020(1.0),Recycling rate of packaging waste by type of packaging,A,Annual,W1501,Packaging,RT_TGT2025,Rate (2025 target and onwards),CY,Cyprus,2021,,58.7,,be,"break in time series, estimated",,
dataflow,ESTAT:CEI_WM020(1.0),Recycling rate of packaging waste by type of packaging,A,Annual,W1501,Packaging,RT_TGT2025,Rate (2025 target and onwards),CY,Cyprus,2022,,69.5,,be,"break in time series, estimated",,
dataflow,ESTAT:CEI_WM020(1.0),Recycling rate of packaging waste by type of packaging,A,Annual,W1501,Packaging,RT_TGT2025,Rate (2025 target and onwards),CZ,Czechia,2003,,51.4,,,,,
dataflow,ESTAT:CEI_WM020(1.0),Recycling rate of packaging waste by type of packaging,A,Annual,W1501,Packaging,RT_TGT2025,Rate (2025 target and onwards),CZ,Czechia,2004,,55.7,,,,,
dataflow,ESTAT:CEI_WM020(1.0),Recycling rate of packaging waste by type of packaging,A,Annual,W1501,Packaging,RT_TGT2025,Rate (2025 target and onwards),CZ,Czechia,2005,,59,,,,,
dataflow,ESTAT:CEI_WM020(1.0),Recycling rate of packaging waste by type of packaging,A,Annual,W1501,Packaging,RT_TGT2025,Rate (2025 target and onwards),CZ,Czechia,2006,,63.4,,,,,
dataflow,ESTAT:CEI_WM020(1.0),Recycling rate of packaging waste by type of packaging,A,Annual,W1501,Packaging,RT_TGT2025,Rate (2025 target and onwards),CZ,Czechia,2007,,65.9,,,,,
dataflow,ESTAT:CEI_WM020(1.0),Recycling rate of packaging waste by type of packaging,A,Annual,W1501,Packaging,RT_TGT2025,Rate (2025 target and onwards),CZ,Czechia,2008,,67.1,,,,,
dataflow,ESTAT:CEI_WM020(1.0),Recycling rate of packaging waste by type of packaging,A,Annual,W1501,Packaging,RT_TGT2025,Rate (2025 target and onwards),CZ,Czechia,2009,,68.8,,,,,
dataflow,ESTAT:CEI_WM020(1.0),Recycling rate of packaging waste by type of packaging,A,Annual,W1501,Packaging,RT_TGT2025,Rate (2025 target and onwards),CZ,Czechia,2010,,70,,,,,
dataflow,ESTAT:CEI_WM020(1.0),Recycling rate of packaging waste by type of packaging,A,Annual,W1501,Packaging,RT_TGT2025,Rate (2025 target and onwards),CZ,Czechia,2011,,69.7,,,,,
dataflow,ESTAT:CEI_WM020(1.0),Recycling rate of packaging waste by type of packaging,A,Annual,W1501,Packaging,RT_TGT2025,Rate (2025 target and onwards),CZ,Czechia,2012,,69.9,,,,,
dataflow,ESTAT:CEI_WM020(1.0),Recycling rate of packaging waste by type of packaging,A,Annual,W1501,Packaging,RT_TGT2025,Rate (2025 target and onwards),CZ,Czechia,2013,,69.9,,,,,
dataflow,ESTAT:CEI_WM020(1.0),Recycling rate of packaging waste by type of packaging,A,Annual,W1501,Packaging,RT_TGT2025,Rate (2025 target and onwards),CZ,Czechia,2014,,73,,,,,
dataflow,ESTAT:CEI_WM020(1.0),Recycling rate of packaging waste by type of packaging,A,Annual,W1501,Packaging,RT_TGT2025,Rate (2025 target and onwards),CZ,Czechia,2015,,74.3,,,,,
dataflow,ESTAT:CEI_WM020(1.0),Recycling rate of packaging waste by type of packaging,A,Annual,W1501,Packaging,RT_TGT2025,Rate (2025 target and onwards),CZ,Czechia,2016,,75.3,,,,,
dataflow,ESTAT:CEI_WM020(1.0),Recycling rate of packaging waste by type of packaging,A,Annual,W1501,Packaging,RT_TGT2025,Rate (2025 target and onwards),CZ,Czechia,2017,,72.3,,,,,
dataflow,ESTAT:CEI_WM020(1.0),Recycling rate of packaging waste by type of packaging,A,Annual,W1501,Packaging,RT_TGT2025,Rate (2025 target and onwards),CZ,Czechia,2018,,69.6,,,,,
dataflow,ESTAT:CEI_WM020(1.0),Recycling rate of packaging waste by type of packaging,A,Annual,W1501,Packaging,RT_TGT2025,Rate (2025 target and onwards),CZ,Czechia,2019,,71.2,,,,,
dataflow,ESTAT:CEI_WM020(1.0),Recycling rate of packaging waste by type of packaging,A,Annual,W1501,Packaging,RT_TGT2025,Rate (2025 target and onwards),CZ,Czechia,2020,,67.9,,bd,"break in time series, definition differs (see metadata)",,
dataflow,ESTAT:CEI_WM020(1.0),Recycling rate of packaging waste by type of packaging,A,Annual,W1501,Packaging,RT_TGT2025,Rate (2025 target and onwards),CZ,Czechia,2021,,69.1,,d,definition differs (see metadata),,
dataflow,ESTAT:CEI_WM020(1.0),Recycling rate of packaging waste by type of packaging,A,Annual,W1501,Packaging,RT_TGT2025,Rate (2025 target and onwards),CZ,Czechia,2022,,70.8,,bd,"break in time series, definition differs (see metadata)",,
dataflow,ESTAT:CEI_WM020(1.0),Recycling rate of packaging waste by type of packaging,A,Annual,W1501,Packaging,RT_TGT2025,Rate (2025 target and onwards),CZ,Czechia,2023,,74.8,,p,provisional,,
dataflow,ESTAT:CEI_WM020(1.0),Recycling rate of packaging waste by type of packaging,A,Annual,W1501,Packaging,RT_TGT2025,Rate (2025 target and onwards),DE,Germany,2000,,78,,,,,
dataflow,ESTAT:CEI_WM020(1.0),Recycling rate of packaging waste by type of packaging,A,Annual,W1501,Packaging,RT_TGT2025,Rate (2025 target and onwards),DE,Germany,2001,,75.9,,,,,
dataflow,ESTAT:CEI_WM020(1.0),Recycling rate of packaging waste by type of packaging,A,Annual,W1501,Packaging,RT_TGT2025,Rate (2025 target and onwards),DE,Germany,2002,,74.4,,,,,
dataflow,ESTAT:CEI_WM020(1.0),Recycling rate of packaging waste by type of packaging,A,Annual,W1501,Packaging,RT_TGT2025,Rate (2025 target and onwards),DE,Germany,2003,,70.6,,,,,
dataflow,ESTAT:CEI_WM020(1.0),Recycling rate of packaging waste by type of packaging,A,Annual,W1501,Packaging,RT_TGT2025,Rate (2025 target and onwards),DE,Germany,2004,,69.6,,,,,
dataflow,ESTAT:CEI_WM020(1.0),Recycling rate of packaging waste by type of packaging,A,Annual,W1501,Packaging,RT_TGT2025,Rate (2025 target and onwards),DE,Germany,2005,,68.2,,,,,
dataflow,ESTAT:CEI_WM020(1.0),Recycling rate of packaging waste by type of packaging,A,Annual,W1501,Packaging,RT_TGT2025,Rate (2025 target and onwards),DE,Germany,2006,,66.5,,,,,
dataflow,ESTAT:CEI_WM020(1.0),Recycling rate of packaging waste by type of packaging,A,Annual,W1501,Packaging,RT_TGT2025,Rate (2025 target and onwards),DE,Germany,2007,,66.9,,,,,
dataflow,ESTAT:CEI_WM020(1.0),Recycling rate of packaging waste by type of packaging,A,Annual,W1501,Packaging,RT_TGT2025,Rate (2025 target and onwards),DE,Germany,2008,,70.5,,,,,
dataflow,ESTAT:CEI_WM020(1.0),Recycling rate of packaging waste by type of packaging,A,Annual,W1501,Packaging,RT_TGT2025,Rate (2025 target and onwards),DE,Germany,2009,,73.5,,,,,
dataflow,ESTAT:CEI_WM020(1.0),Recycling rate of packaging waste by type of packaging,A,Annual,W1501,Packaging,RT_TGT2025,Rate (2025 target and onwards),DE,Germany,2010,,72.7,,,,,
dataflow,ESTAT:CEI_WM020(1.0),Recycling rate of packaging waste by type of packaging,A,Annual,W1501,Packaging,RT_TGT2025,Rate (2025 target and onwards),DE,Germany,2011,,71.8,,,,,
dataflow,ESTAT:CEI_WM020(1.0),Recycling rate of packaging waste by type of packaging,A,Annual,W1501,Packaging,RT_TGT2025,Rate (2025 target and onwards),DE,Germany,2012,,71.3,,,,,
dataflow,ESTAT:CEI_WM020(1.0),Recycling rate of packaging waste by type of packaging,A,Annual,W1501,Packaging,RT_TGT2025,Rate (2025 target and onwards),DE,Germany,2013,,71.8,,,,,
dataflow,ESTAT:CEI_WM020(1.0),Recycling rate of packaging waste by type of packaging,A,Annual,W1501,Packaging,RT_TGT2025,Rate (2025 target and onwards),DE,Germany,2014,,71.4,,,,,
dataflow,ESTAT:CEI_WM020(1.0),Recycling rate of packaging waste by type of packaging,A,Annual,W1501,Packaging,RT_TGT2025,Rate (2025 target and onwards),DE,Germany,2015,,69.3,,,,,
dataflow,ESTAT:CEI_WM020(1.0),Recycling rate of packaging waste by type of packaging,A,Annual,W1501,Packaging,RT_TGT2025,Rate (2025 target and onwards),DE,Germany,2016,,70.7,,,,,
dataflow,ESTAT:CEI_WM020(1.0),Recycling rate of packaging waste by type of packaging,A,Annual,W1501,Packaging,RT_TGT2025,Rate (2025 target and onwards),DE,Germany,2017,,69.9,,,,,
dataflow,ESTAT:CEI_WM020(1.0),Recycling rate of packaging waste by type of packaging,A,Annual,W1501,Packaging,RT_TGT2025,Rate (2025 target and onwards),DE,Germany,2018,,68.5,,,,,
dataflow,ESTAT:CEI_WM020(1.0),Recycling rate of packaging waste by type of packaging,A,Annual,W1501,Packaging,RT_TGT2025,Rate (2025 target and onwards),DE,Germany,2019,,64,,b,break in time series,,
dataflow,ESTAT:CEI_WM020(1.0),Recycling rate of packaging waste by type of packaging,A,Annual,W1501,Packaging,RT_TGT2025,Rate (2025 target and onwards),DE,Germany,2020,,68.1,,,,,
dataflow,ESTAT:CEI_WM020(1.0),Recycling rate of packaging waste by type of packaging,A,Annual,W1501,Packaging,RT_TGT2025,Rate (2025 target and onwards),DE,Germany,2021,,67.7,,,,,
dataflow,ESTAT:CEI_WM020(1.0),Recycling rate of packaging waste by type of packaging,A,Annual,W1501,Packaging,RT_TGT2025,Rate (2025 target and onwards),DE,Germany,2022,,68.5,,,,,
dataflow,ESTAT:CEI_WM020(1.0),Recycling rate of packaging waste by type of packaging,A,Annual,W1501,Packaging,RT_TGT2025,Rate (2025 target and onwards),DE,Germany,2023,,69.4,,,,,
dataflow,ESTAT:CEI_WM020(1.0),Recycling rate of packaging waste by type of packaging,A,Annual,W1501,Packaging,RT_TGT2025,Rate (2025 target and onwards),DK,Denmark,2000,,55.7,,,,,
dataflow,ESTAT:CEI_WM020(1.0),Recycling rate of packaging waste by type of packaging,A,Annual,W1501,Packaging,RT_TGT2025,Rate (2025 target and onwards),DK,Denmark,2001,,57.2,,,,,
dataflow,ESTAT:CEI_WM020(1.0),Recycling rate of packaging waste by type of packaging,A,Annual,W1501,Packaging,RT_TGT2025,Rate (2025 target and onwards),DK,Denmark,2002,,57.3,,,,,
dataflow,ESTAT:CEI_WM020(1.0),Recycling rate of packaging waste by type of packaging,A,Annual,W1501,Packaging,RT_TGT2025,Rate (2025 target and onwards),DK,Denmark,2003,,53.8,,,,,
dataflow,ESTAT:CEI_WM020(1.0),Recycling rate of packaging waste by type of packaging,A,Annual,W1501,Packaging,RT_TGT2025,Rate (2025 target and onwards),DK,Denmark,2004,,53.2,,,,,
dataflow,ESTAT:CEI_WM020(1.0),Recycling rate of packaging waste by type of packaging,A,Annual,W1501,Packaging,RT_TGT2025,Rate (2025 target and onwards),DK,Denmark,2005,,52.5,,,,,
dataflow,ESTAT:CEI_WM020(1.0),Recycling rate of packaging waste by type of packaging,A,Annual,W1501,Packaging,RT_TGT2025,Rate (2025 target and onwards),DK,Denmark,2006,,56.2,,,,,
dataflow,ESTAT:CEI_WM020(1.0),Recycling rate of packaging waste by type of packaging,A,Annual,W1501,Packaging,RT_TGT2025,Rate (2025 target and onwards),DK,Denmark,2007,,56.8,,,,,
dataflow,ESTAT:CEI_WM020(1.0),Recycling rate of packaging waste by type of packaging,A,Annual,W1501,Packaging,RT_TGT2025,Rate (2025 target and onwards),DK,Denmark,2008,,59.7,,,,,
dataflow,ESTAT:CEI_WM020(1.0),Recycling rate of packaging waste by type of packaging,A,Annual,W1501,Packaging,RT_TGT2025,Rate (2025 target and onwards),DK,Denmark,2009,,84,,,,,
dataflow,ESTAT:CEI_WM020(1.0),Recycling rate of packaging waste by type of packaging,A,Annual,W1501,Packaging,RT_TGT2025,Rate (2025 target and onwards),DK,Denmark,2010,,84,,e,estimated,,
dataflow,ESTAT:CEI_WM020(1.0),Recycling rate of packaging waste by type of packaging,A,Annual,W1501,Packaging,RT_TGT2025,Rate (2025 target and onwards),DK,Denmark,2011,,54.3,,be,"break in time series, estimated",,
dataflow,ESTAT:CEI_WM020(1.0),Recycling rate of packaging waste by type of packaging,A,Annual,W1501,Packaging,RT_TGT2025,Rate (2025 target and onwards),DK,Denmark,2012,,61.6,,e,estimated,,
dataflow,ESTAT:CEI_WM020(1.0),Recycling rate of packaging waste by type of packaging,A,Annual,W1501,Packaging,RT_TGT2025,Rate (2025 target and onwards),DK,Denmark,2013,,69.8,,,,,
dataflow,ESTAT:CEI_WM020(1.0),Recycling rate of packaging waste by type of packaging,A,Annual,W1501,Packaging,RT_TGT2025,Rate (2025 target and onwards),DK,Denmark,2014,,69.8,,,,,
dataflow,ESTAT:CEI_WM020(1.0),Recycling rate of packaging waste by type of packaging,A,Annual,W1501,Packaging,RT_TGT2025,Rate (2025 target and onwards),DK,Denmark,2015,,73.9,,,,,
dataflow,ESTAT:CEI_WM020(1.0),Recycling rate of packaging waste by type of packaging,A,Annual,W1501,Packaging,RT_TGT2025,Rate (2025 target and onwards),DK,Denmark,2016,,79,,,,,
dataflow,ESTAT:CEI_WM020(1.0),Recycling rate of packaging waste by type of packaging,A,Annual,W1501,Packaging,RT_TGT2025,Rate (2025 target and onwards),DK,Denmark,2017,,71.5,,,,,
dataflow,ESTAT:CEI_WM020(1.0),Recycling rate of packaging waste by type of packaging,A,Annual,W1501,Packaging,RT_TGT2025,Rate (2025 target and onwards),DK,Denmark,2018,,70.1,,,,,
dataflow,ESTAT:CEI_WM020(1.0),Recycling rate of packaging waste by type of packaging,A,Annual,W1501,Packaging,RT_TGT2025,Rate (2025 target and onwards),DK,Denmark,2019,,69.3,,,,,
dataflow,ESTAT:CEI_WM020(1.0),Recycling rate of packaging waste by type of packaging,A,Annual,W1501,Packaging,RT_TGT2025,Rate (2025 target and onwards),DK,Denmark,2020,,64,,,,,
dataflow,ESTAT:CEI_WM020(1.0),Recycling rate of packaging waste by type of packaging,A,Annual,W1501,Packaging,RT_TGT2025,Rate (2025 target and onwards),DK,Denmark,2021,,64.7,,,,,
dataflow,ESTAT:CEI_WM020(1.0),Recycling rate of packaging waste by type of packaging,A,Annual,W1501,Packaging,RT_TGT2025,Rate (2025 target and onwards),DK,Denmark,2022,,62.2,,,,,
dataflow,ESTAT:CEI_WM020(1.0),Recycling rate of packaging waste by type of packaging,A,Annual,W1501,Packaging,RT_TGT2025,Rate (2025 target and onwards),DK,Denmark,2023,,62.7,,,,,
dataflow,ESTAT:CEI_WM020(1.0),Recycling rate of packaging waste by type of packaging,A,Annual,W1501,Packaging,RT_TGT2025,Rate (2025 target and onwards),EE,Estonia,2004,,33.5,,,,,
dataflow,ESTAT:CEI_WM020(1.0),Recycling rate of packaging waste by type of packaging,A,Annual,W1501,Packaging,RT_TGT2025,Rate (2025 target and onwards),EE,Estonia,2005,,40.3,,,,,
dataflow,ESTAT:CEI_WM020(1.0),Recycling rate of packaging waste by type of packaging,A,Annual,W1501,Packaging,RT_TGT2025,Rate (2025 target and onwards),EE,Estonia,2006,,45.7,,,,,
dataflow,ESTAT:CEI_WM020(1.0),Recycling rate of packaging waste by type of packaging,A,Annual,W1501,Packaging,RT_TGT2025,Rate (2025 target and onwards),EE,Estonia,2007,,49.6,,,,,
dataflow,ESTAT:CEI_WM020(1.0),Recycling rate of packaging waste by type of packaging,A,Annual,W1501,Packaging,RT_TGT2025,Rate (2025 target and onwards),EE,Estonia,2008,,43.5,,,,,
dataflow,ESTAT:CEI_WM020(1.0),Recycling rate of packaging waste by type of packaging,A,Annual,W1501,Packaging,RT_TGT2025,Rate (2025 target and onwards),EE,Estonia,2009,,57.2,,,,,
dataflow,ESTAT:CEI_WM020(1.0),Recycling rate of packaging waste by type of packaging,A,Annual,W1501,Packaging,RT_TGT2025,Rate (2025 target and onwards),EE,Estonia,2010,,56.1,,,,,
dataflow,ESTAT:CEI_WM020(1.0),Recycling rate of packaging waste by type of packaging,A,Annual,W1501,Packaging,RT_TGT2025,Rate (2025 target and onwards),EE,Estonia,2011,,62.9,,,,,
dataflow,ESTAT:CEI_WM020(1.0),Recycling rate of packaging waste by type of packaging,A,Annual,W1501,Packaging,RT_TGT2025,Rate (2025 target and onwards),EE,Estonia,2012,,61.3,,,,,
dataflow,ESTAT:CEI_WM020(1.0),Recycling rate of packaging waste by type of packaging,A,Annual,W1501,Packaging,RT_TGT2025,Rate (2025 target and onwards),EE,Estonia,2013,,58.4,,,,,
dataflow,ESTAT:CEI_WM020(1.0),Recycling rate of packaging waste by type of packaging,A,Annual,W1501,Packaging,RT_TGT2025,Rate (2025 target and onwards),EE,Estonia,2014,,60.3,,,,,
dataflow,ESTAT:CEI_WM020(1.0),Recycling rate of packaging waste by type of packaging,A,Annual,W1501,Packaging,RT_TGT2025,Rate (2025 target and onwards),EE,Estonia,2015,,59,,,,,
dataflow,ESTAT:CEI_WM020(1.0),Recycling rate of packaging waste by type of packaging,A,Annual,W1501,Packaging,RT_TGT2025,Rate (2025 target and onwards),EE,Estonia,2016,,56,,,,,
dataflow,ESTAT:CEI_WM020(1.0),Recycling rate of packaging waste by type of packaging,A,Annual,W1501,Packaging,RT_TGT2025,Rate (2025 target and onwards),EE,Estonia,2017,,53.5,,,,,
dataflow,ESTAT:CEI_WM020(1.0),Recycling rate of packaging waste by type of packaging,A,Annual,W1501,Packaging,RT_TGT2025,Rate (2025 target and onwards),EE,Estonia,2018,,60.4,,,,,
dataflow,ESTAT:CEI_WM020(1.0),Recycling rate of packaging waste by type of packaging,A,Annual,W1501,Packaging,RT_TGT2025,Rate (2025 target and onwards),EE,Estonia,2019,,66.2,,b,break in time series,,
dataflow,ESTAT:CEI_WM020(1.0),Recycling rate of packaging waste by type of packaging,A,Annual,W1501,Packaging,RT_TGT2025,Rate (2025 target and onwards),EE,Estonia,2020,,71.4,,,,,
dataflow,ESTAT:CEI_WM020(1.0),Recycling rate of packaging waste by type of packaging,A,Annual,W1501,Packaging,RT_TGT2025,Rate (2025 target and onwards),EE,Estonia,2021,,70.4,,,,,
dataflow,ESTAT:CEI_WM020(1.0),Recycling rate of packaging waste by type of packaging,A,Annual,W1501,Packaging,RT_TGT2025,Rate (2025 target and onwards),EE,Estonia,2022,,73,,,,,
dataflow,ESTAT:CEI_WM020(1.0),Recycling rate of packaging waste by type of packaging,A,Annual,W1501,Packaging,RT_TGT2025,Rate (2025 target and onwards),EE,Estonia,2023,,68.5,,,,,
dataflow,ESTAT:CEI_WM020(1.0),Recycling rate of packaging waste by type of packaging,A,Annual,W1501,Packaging,RT_TGT2025,Rate (2025 target and onwards),EL,Greece,2000,,33.3,,,,,
dataflow,ESTAT:CEI_WM020(1.0),Recycling rate of packaging waste by type of packaging,A,Annual,W1501,Packaging,RT_TGT2025,Rate (2025 target and onwards),EL,Greece,2001,,33.4,,,,,
dataflow,ESTAT:CEI_WM020(1.0),Recycling rate of packaging waste by type of packaging,A,Annual,W1501,Packaging,RT_TGT2025,Rate (2025 target and onwards),EL,Greece,2002,,32.6,,,,,
dataflow,ESTAT:CEI_WM020(1.0),Recycling rate of packaging waste by type of packaging,A,Annual,W1501,Packaging,RT_TGT2025,Rate (2025 target and onwards),EL,Greece,2003,,33.1,,,,,
dataflow,ESTAT:CEI_WM020(1.0),Recycling rate of packaging waste by type of packaging,A,Annual,W1501,Packaging,RT_TGT2025,Rate (2025 target and onwards),EL,Greece,2004,,36.7,,,,,
dataflow,ESTAT:CEI_WM020(1.0),Recycling rate of packaging waste by type of packaging,A,Annual,W1501,Packaging,RT_TGT2025,Rate (2025 target and onwards),EL,Greece,2005,,41.8,,,,,
dataflow,ESTAT:CEI_WM020(1.0),Recycling rate of packaging waste by type of packaging,A,Annual,W1501,Packaging,RT_TGT2025,Rate (2025 target and onwards),EL,Greece,2006,,42.8,,,,,
dataflow,ESTAT:CEI_WM020(1.0),Recycling rate of packaging waste by type of packaging,A,Annual,W1501,Packaging,RT_TGT2025,Rate (2025 target and onwards),EL,Greece,2007,,48,,,,,
dataflow,ESTAT:CEI_WM020(1.0),Recycling rate of packaging waste by type of packaging,A,Annual,W1501,Packaging,RT_TGT2025,Rate (2025 target and onwards),EL,Greece,2008,,43.8,,e,estimated,,
dataflow,ESTAT:CEI_WM020(1.0),Recycling rate of packaging waste by type of packaging,A,Annual,W1501,Packaging,RT_TGT2025,Rate (2025 target and onwards),EL,Greece,2009,,52.3,,,,,
dataflow,ESTAT:CEI_WM020(1.0),Recycling rate of packaging waste by type of packaging,A,Annual,W1501,Packaging,RT_TGT2025,Rate (2025 target and onwards),EL,Greece,2010,,58.7,,,,,
dataflow,ESTAT:CEI_WM020(1.0),Recycling rate of packaging waste by type of packaging,A,Annual,W1501,Packaging,RT_TGT2025,Rate (2025 target and onwards),EL,Greece,2011,,62.1,,e,estimated,,
dataflow,ESTAT:CEI_WM020(1.0),Recycling rate of packaging waste by type of packaging,A,Annual,W1501,Packaging,RT_TGT2025,Rate (2025 target and onwards),EL,Greece,2012,,58.6,,,,,
dataflow,ESTAT:CEI_WM020(1.0),Recycling rate of packaging waste by type of packaging,A,Annual,W1501,Packaging,RT_TGT2025,Rate (2025 target and onwards),EL,Greece,2013,,52.4,,,,,
dataflow,ESTAT:CEI_WM020(1.0),Recycling rate of packaging waste by type of packaging,A,Annual,W1501,Packaging,RT_TGT2025,Rate (2025 target and onwards),EL,Greece,2014,,53.8,,,,,
dataflow,ESTAT:CEI_WM020(1.0),Recycling rate of packaging waste by type of packaging,A,Annual,W1501,Packaging,RT_TGT2025,Rate (2025 target and onwards),EL,Greece,2015,,60.3,,,,,
dataflow,ESTAT:CEI_WM020(1.0),Recycling rate of packaging waste by type of packaging,A,Annual,W1501,Packaging,RT_TGT2025,Rate (2025 target and onwards),EL,Greece,2016,,66.1,,,,,
dataflow,ESTAT:CEI_WM020(1.0),Recycling rate of packaging waste by type of packaging,A,Annual,W1501,Packaging,RT_TGT2025,Rate (2025 target and onwards),EL,Greece,2017,,68.6,,,,,
dataflow,ESTAT:CEI_WM020(1.0),Recycling rate of packaging waste by type of packaging,A,Annual,W1501,Packaging,RT_TGT2025,Rate (2025 target and onwards),EL,Greece,2018,,63.6,,e,estimated,,
dataflow,ESTAT:CEI_WM020(1.0),Recycling rate of packaging waste by type of packaging,A,Annual,W1501,Packaging,RT_TGT2025,Rate (2025 target and onwards),EL,Greece,2019,,60.1,,e,estimated,,
dataflow,ESTAT:CEI_WM020(1.0),Recycling rate of packaging waste by type of packaging,A,Annual,W1501,Packaging,RT_TGT2025,Rate (2025 target and onwards),EL,Greece,2021,,54.1,,,,,
dataflow,ESTAT:CEI_WM020(1.0),Recycling rate of packaging waste by type of packaging,A,Annual,W1501,Packaging,RT_TGT2025,Rate (2025 target and onwards),EL,Greece,2022,,43.4,,,,,
dataflow,ESTAT:CEI_WM020(1.0),Recycling rate of packaging waste by type of packaging,A,Annual,W1501,Packaging,RT_TGT2025,Rate (2025 target and onwards),EL,Greece,2023,,48,,,,,
dataflow,ESTAT:CEI_WM020(1.0),Recycling rate of packaging waste by type of packaging,A,Annual,W1501,Packaging,RT_TGT2025,Rate (2025 target and onwards),ES,Spain,2000,,39.8,,,,,
dataflow,ESTAT:CEI_WM020(1.0),Recycling rate of packaging waste by type of packaging,A,Annual,W1501,Packaging,RT_TGT2025,Rate (2025 target and onwards),ES,Spain,2001,,43.6,,,,,
dataflow,ESTAT:CEI_WM020(1.0),Recycling rate of packaging waste by type of packaging,A,Annual,W1501,Packaging,RT_TGT2025,Rate (2025 target and onwards),ES,Spain,2002,,44.3,,,,,
dataflow,ESTAT:CEI_WM020(1.0),Recycling rate of packaging waste by type of packaging,A,Annual,W1501,Packaging,RT_TGT2025,Rate (2025 target and onwards),ES,Spain,2003,,43.1,,,,,
dataflow,ESTAT:CEI_WM020(1.0),Recycling rate of packaging waste by type of packaging,A,Annual,W1501,Packaging,RT_TGT2025,Rate (2025 target and onwards),ES,Spain,2004,,47.4,,,,,
dataflow,ESTAT:CEI_WM020(1.0),Recycling rate of packaging waste by type of packaging,A,Annual,W1501,Packaging,RT_TGT2025,Rate (2025 target and onwards),ES,Spain,2005,,50.4,,,,,
dataflow,ESTAT:CEI_WM020(1.0),Recycling rate of packaging waste by type of packaging,A,Annual,W1501,Packaging,RT_TGT2025,Rate (2025 target and onwards),ES,Spain,2006,,54,,,,,
dataflow,ESTAT:CEI_WM020(1.0),Recycling rate of packaging waste by type of packaging,A,Annual,W1501,Packaging,RT_TGT2025,Rate (2025 target and onwards),ES,Spain,2007,,56.3,,,,,
dataflow,ESTAT:CEI_WM020(1.0),Recycling rate of packaging waste by type of packaging,A,Annual,W1501,Packaging,RT_TGT2025,Rate (2025 target and onwards),ES,Spain,2008,,59.1,,,,,
dataflow,ESTAT:CEI_WM020(1.0),Recycling rate of packaging waste by type of packaging,A,Annual,W1501,Packaging,RT_TGT2025,Rate (2025 target and onwards),ES,Spain,2009,,60.3,,,,,
dataflow,ESTAT:CEI_WM020(1.0),Recycling rate of packaging waste by type of packaging,A,Annual,W1501,Packaging,RT_TGT2025,Rate (2025 target and onwards),ES,Spain,2010,,61.9,,,,,
dataflow,ESTAT:CEI_WM020(1.0),Recycling rate of packaging waste by type of packaging,A,Annual,W1501,Packaging,RT_TGT2025,Rate (2025 target and onwards),ES,Spain,2011,,63.9,,,,,
dataflow,ESTAT:CEI_WM020(1.0),Recycling rate of packaging waste by type of packaging,A,Annual,W1501,Packaging,RT_TGT2025,Rate (2025 target and onwards),ES,Spain,2012,,65.5,,,,,
dataflow,ESTAT:CEI_WM020(1.0),Recycling rate of packaging waste by type of packaging,A,Annual,W1501,Packaging,RT_TGT2025,Rate (2025 target and onwards),ES,Spain,2013,,66.6,,,,,
dataflow,ESTAT:CEI_WM020(1.0),Recycling rate of packaging waste by type of packaging,A,Annual,W1501,Packaging,RT_TGT2025,Rate (2025 target and onwards),ES,Spain,2014,,68.7,,,,,
dataflow,ESTAT:CEI_WM020(1.0),Recycling rate of packaging waste by type of packaging,A,Annual,W1501,Packaging,RT_TGT2025,Rate (2025 target and onwards),ES,Spain,2015,,68.4,,,,,
dataflow,ESTAT:CEI_WM020(1.0),Recycling rate of packaging waste by type of packaging,A,Annual,W1501,Packaging,RT_TGT2025,Rate (2025 target and onwards),ES,Spain,2016,,70.3,,,,,
dataflow,ESTAT:CEI_WM020(1.0),Recycling rate of packaging waste by type of packaging,A,Annual,W1501,Packaging,RT_TGT2025,Rate (2025 target and onwards),ES,Spain,2017,,68.5,,,,,
dataflow,ESTAT:CEI_WM020(1.0),Recycling rate of packaging waste by type of packaging,A,Annual,W1501,Packaging,RT_TGT2025,Rate (2025 target and onwards),ES,Spain,2018,,68.8,,,,,
dataflow,ESTAT:CEI_WM020(1.0),Recycling rate of packaging waste by type of packaging,A,Annual,W1501,Packaging,RT_TGT2025,Rate (2025 target and onwards),ES,Spain,2019,,69.6,,,,,
dataflow,ESTAT:CEI_WM020(1.0),Recycling rate of packaging waste by type of packaging,A,Annual,W1501,Packaging,RT_TGT2025,Rate (2025 target and onwards),ES,Spain,2020,,68.3,,,,,
dataflow,ESTAT:CEI_WM020(1.0),Recycling rate of packaging waste by type of packaging,A,Annual,W1501,Packaging,RT_TGT2025,Rate (2025 target and onwards),ES,Spain,2021,,66.4,,,,,
dataflow,ESTAT:CEI_WM020(1.0),Recycling rate of packaging waste by type of packaging,A,Annual,W1501,Packaging,RT_TGT2025,Rate (2025 target and onwards),ES,Spain,2022,,69.1,,,,,
dataflow,ESTAT:CEI_WM020(1.0),Recycling rate of packaging waste by type of packaging,A,Annual,W1501,Packaging,RT_TGT2025,Rate (2025 target and onwards),ES,Spain,2023,,70.5,,,,,
dataflow,ESTAT:CEI_WM020(1.0),Recycling rate of packaging waste by type of packaging,A,Annual,W1501,Packaging,RT_TGT2025,Rate (2025 target and onwards),EU27_2020,European Union - 27 countries (from 2020),2005,,54.7,,i,value imputed by Eurostat or other receiving agencies,,
dataflow,ESTAT:CEI_WM020(1.0),Recycling rate of packaging waste by type of packaging,A,Annual,W1501,Packaging,RT_TGT2025,Rate (2025 target and onwards),EU27_2020,European Union - 27 countries (from 2020),2006,,56.8,,i,value imputed by Eurostat or other receiving agencies,,
dataflow,ESTAT:CEI_WM020(1.0),Recycling rate of packaging waste by type of packaging,A,Annual,W1501,Packaging,RT_TGT2025,Rate (2025 target and onwards),EU27_2020,European Union - 27 countries (from 2020),2007,,59.1,,i,value imputed by Eurostat or other receiving agencies,,
dataflow,ESTAT:CEI_WM020(1.0),Recycling rate of packaging waste by type of packaging,A,Annual,W1501,Packaging,RT_TGT2025,Rate (2025 target and onwards),EU27_2020,European Union - 27 countries (from 2020),2008,,60.4,,i,value imputed by Eurostat or other receiving agencies,,
dataflow,ESTAT:CEI_WM020(1.0),Recycling rate of packaging waste by type of packaging,A,Annual,W1501,Packaging,RT_TGT2025,Rate (2025 target and onwards),EU27_2020,European Union - 27 countries (from 2020),2009,,62.6,,i,value imputed by Eurostat or other receiving agencies,,
dataflow,ESTAT:CEI_WM020(1.0),Recycling rate of packaging waste by type of packaging,A,Annual,W1501,Packaging,RT_TGT2025,Rate (2025 target and onwards),EU27_2020,European Union - 27 countries (from 2020),2010,,64,,i,value imputed by Eurostat or other receiving agencies,,
dataflow,ESTAT:CEI_WM020(1.0),Recycling rate of packaging waste by type of packaging,A,Annual,W1501,Packaging,RT_TGT2025,Rate (2025 target and onwards),EU27_2020,European Union - 27 countries (from 2020),2011,,64.2,,i,value imputed by Eurostat or other receiving agencies,,
dataflow,ESTAT:CEI_WM020(1.0),Recycling rate of packaging waste by type of packaging,A,Annual,W1501,Packaging,RT_TGT2025,Rate (2025 target and onwards),EU27_2020,European Union - 27 countries (from 2020),2012,,65.2,,,,,
dataflow,ESTAT:CEI_WM020(1.0),Recycling rate of packaging waste by type of packaging,A,Annual,W1501,Packaging,RT_TGT2025,Rate (2025 target and onwards),EU27_2020,European Union - 27 countries (from 2020),2013,,65.4,,,,,
dataflow,ESTAT:CEI_WM020(1.0),Recycling rate of packaging waste by type of packaging,A,Annual,W1501,Packaging,RT_TGT2025,Rate (2025 target and onwards),EU27_2020,European Union - 27 countries (from 2020),2014,,66.5,,,,,
dataflow,ESTAT:CEI_WM020(1.0),Recycling rate of packaging waste by type of packaging,A,Annual,W1501,Packaging,RT_TGT2025,Rate (2025 target and onwards),EU27_2020,European Union - 27 countries (from 2020),2015,,66.6,,,,,
dataflow,ESTAT:CEI_WM020(1.0),Recycling rate of packaging waste by type of packaging,A,Annual,W1501,Packaging,RT_TGT2025,Rate (2025 target and onwards),EU27_2020,European Union - 27 countries (from 2020),2016,,67.6,,,,,
dataflow,ESTAT:CEI_WM020(1.0),Recycling rate of packaging waste by type of packaging,A,Annual,W1501,Packaging,RT_TGT2025,Rate (2025 target and onwards),EU27_2020,European Union - 27 countries (from 2020),2017,,67.5,,,,,
dataflow,ESTAT:CEI_WM020(1.0),Recycling rate of packaging waste by type of packaging,A,Annual,W1501,Packaging,RT_TGT2025,Rate (2025 target and onwards),EU27_2020,European Union - 27 countries (from 2020),2018,,65.6,,,,,
dataflow,ESTAT:CEI_WM020(1.0),Recycling rate of packaging waste by type of packaging,A,Annual,W1501,Packaging,RT_TGT2025,Rate (2025 target and onwards),EU27_2020,European Union - 27 countries (from 2020),2019,,64.8,,,,,
dataflow,ESTAT:CEI_WM020(1.0),Recycling rate of packaging waste by type of packaging,A,Annual,W1501,Packaging,RT_TGT2025,Rate (2025 target and onwards),EU27_2020,European Union - 27 countries (from 2020),2020,,64,,,,,
dataflow,ESTAT:CEI_WM020(1.0),Recycling rate of packaging waste by type of packaging,A,Annual,W1501,Packaging,RT_TGT2025,Rate (2025 target and onwards),EU27_2020,European Union - 27 countries (from 2020),2021,,64,,,,,
dataflow,ESTAT:CEI_WM020(1.0),Recycling rate of packaging waste by type of packaging,A,Annual,W1501,Packaging,RT_TGT2025,Rate (2025 target and onwards),EU27_2020,European Union - 27 countries (from 2020),2022,,65.3,,,,,
dataflow,ESTAT:CEI_WM020(1.0),Recycling rate of packaging waste by type of packaging,A,Annual,W1501,Packaging,RT_TGT2025,Rate (2025 target and onwards),EU27_2020,European Union - 27 countries (from 2020),2023,,67.5,,i,value imputed by Eurostat or other receiving agencies,,
dataflow,ESTAT:CEI_WM020(1.0),Recycling rate of packaging waste by type of packaging,A,Annual,W1501,Packaging,RT_TGT2025,Rate (2025 target and onwards),FI,Finland,2000,,49.8,,,,,
dataflow,ESTAT:CEI_WM020(1.0),Recycling rate of packaging waste by type of packaging,A,Annual,W1501,Packaging,RT_TGT2025,Rate (2025 target and onwards),FI,Finland,2001,,47.2,,,,,
dataflow,ESTAT:CEI_WM020(1.0),Recycling rate of packaging waste by type of packaging,A,Annual,W1501,Packaging,RT_TGT2025,Rate (2025 target and onwards),FI,Finland,2002,,49.2,,,,,
dataflow,ESTAT:CEI_WM020(1.0),Recycling rate of packaging waste by type of packaging,A,Annual,W1501,Packaging,RT_TGT2025,Rate (2025 target and onwards),FI,Finland,2003,,40.8,,,,,
dataflow,ESTAT:CEI_WM020(1.0),Recycling rate of packaging waste by type of packaging,A,Annual,W1501,Packaging,RT_TGT2025,Rate (2025 target and onwards),FI,Finland,2004,,39.9,,,,,
dataflow,ESTAT:CEI_WM020(1.0),Recycling rate of packaging waste by type of packaging,A,Annual,W1501,Packaging,RT_TGT2025,Rate (2025 target and onwards),FI,Finland,2005,,43.2,,,,,
dataflow,ESTAT:CEI_WM020(1.0),Recycling rate of packaging waste by type of packaging,A,Annual,W1501,Packaging,RT_TGT2025,Rate (2025 target and onwards),FI,Finland,2006,,49.1,,,,,
dataflow,ESTAT:CEI_WM020(1.0),Recycling rate of packaging waste by type of packaging,A,Annual,W1501,Packaging,RT_TGT2025,Rate (2025 target and onwards),FI,Finland,2007,,51.9,,,,,
dataflow,ESTAT:CEI_WM020(1.0),Recycling rate of packaging waste by type of packaging,A,Annual,W1501,Packaging,RT_TGT2025,Rate (2025 target and onwards),FI,Finland,2008,,56.7,,,,,
dataflow,ESTAT:CEI_WM020(1.0),Recycling rate of packaging waste by type of packaging,A,Annual,W1501,Packaging,RT_TGT2025,Rate (2025 target and onwards),FI,Finland,2009,,55.5,,,,,
dataflow,ESTAT:CEI_WM020(1.0),Recycling rate of packaging waste by type of packaging,A,Annual,W1501,Packaging,RT_TGT2025,Rate (2025 target and onwards),FI,Finland,2010,,55.4,,,,,
dataflow,ESTAT:CEI_WM020(1.0),Recycling rate of packaging waste by type of packaging,A,Annual,W1501,Packaging,RT_TGT2025,Rate (2025 target and onwards),FI,Finland,2011,,58.7,,,,,
dataflow,ESTAT:CEI_WM020(1.0),Recycling rate of packaging waste by type of packaging,A,Annual,W1501,Packaging,RT_TGT2025,Rate (2025 target and onwards),FI,Finland,2012,,59.3,,,,,
dataflow,ESTAT:CEI_WM020(1.0),Recycling rate of packaging waste by type of packaging,A,Annual,W1501,Packaging,RT_TGT2025,Rate (2025 target and onwards),FI,Finland,2013,,58,,,,,
dataflow,ESTAT:CEI_WM020(1.0),Recycling rate of packaging waste by type of packaging,A,Annual,W1501,Packaging,RT_TGT2025,Rate (2025 target and onwards),FI,Finland,2014,,57.4,,,,,
dataflow,ESTAT:CEI_WM020(1.0),Recycling rate of packaging waste by type of packaging,A,Annual,W1501,Packaging,RT_TGT2025,Rate (2025 target and onwards),FI,Finland,2015,,60.9,,,,,
dataflow,ESTAT:CEI_WM020(1.0),Recycling rate of packaging waste by type of packaging,A,Annual,W1501,Packaging,RT_TGT2025,Rate (2025 target and onwards),FI,Finland,2016,,64.7,,,,,
dataflow,ESTAT:CEI_WM020(1.0),Recycling rate of packaging waste by type of packaging,A,Annual,W1501,Packaging,RT_TGT2025,Rate (2025 target and onwards),FI,Finland,2017,,65.2,,,,,
dataflow,ESTAT:CEI_WM020(1.0),Recycling rate of packaging waste by type of packaging,A,Annual,W1501,Packaging,RT_TGT2025,Rate (2025 target and onwards),FI,Finland,2018,,70.2,,,,,
dataflow,ESTAT:CEI_WM020(1.0),Recycling rate of packaging waste by type of packaging,A,Annual,W1501,Packaging,RT_TGT2025,Rate (2025 target and onwards),FI,Finland,2019,,70.6,,,,,
dataflow,ESTAT:CEI_WM020(1.0),Recycling rate of packaging waste by type of packaging,A,Annual,W1501,Packaging,RT_TGT2025,Rate (2025 target and onwards),FI,Finland,2020,,61.2,,,,,
dataflow,ESTAT:CEI_WM020(1.0),Recycling rate of packaging waste by type of packaging,A,Annual,W1501,Packaging,RT_TGT2025,Rate (2025 target and onwards),FI,Finland,2021,,60.6,,,,,
dataflow,ESTAT:CEI_WM020(1.0),Recycling rate of packaging waste by type of packaging,A,Annual,W1501,Packaging,RT_TGT2025,Rate (2025 target and onwards),FI,Finland,2022,,60.2,,,,,
dataflow,ESTAT:CEI_WM020(1.0),Recycling rate of packaging waste by type of packaging,A,Annual,W1501,Packaging,RT_TGT2025,Rate (2025 target and onwards),FI,Finland,2023,,59.4,,p,provisional,,
dataflow,ESTAT:CEI_WM020(1.0),Recycling rate of packaging waste by type of packaging,A,Annual,W1501,Packaging,RT_TGT2025,Rate (2025 target and onwards),FR,France,2000,,42.2,,,,,
dataflow,ESTAT:CEI_WM020(1.0),Recycling rate of packaging waste by type of packaging,A,Annual,W1501,Packaging,RT_TGT2025,Rate (2025 target and onwards),FR,France,2001,,44,,,,,
dataflow,ESTAT:CEI_WM020(1.0),Recycling rate of packaging waste by type of packaging,A,Annual,W1501,Packaging,RT_TGT2025,Rate (2025 target and onwards),FR,France,2002,,45.4,,,,,
dataflow,ESTAT:CEI_WM020(1.0),Recycling rate of packaging waste by type of packaging,A,Annual,W1501,Packaging,RT_TGT2025,Rate (2025 target and onwards),FR,France,2003,,47.9,,,,,
dataflow,ESTAT:CEI_WM020(1.0),Recycling rate of packaging waste by type of packaging,A,Annual,W1501,Packaging,RT_TGT2025,Rate (2025 target and onwards),FR,France,2004,,50.7,,,,,
dataflow,ESTAT:CEI_WM020(1.0),Recycling rate of packaging waste by type of packaging,A,Annual,W1501,Packaging,RT_TGT2025,Rate (2025 target and onwards),FR,France,2005,,53.3,,,,,
dataflow,ESTAT:CEI_WM020(1.0),Recycling rate of packaging waste by type of packaging,A,Annual,W1501,Packaging,RT_TGT2025,Rate (2025 target and onwards),FR,France,2006,,54.8,,,,,
dataflow,ESTAT:CEI_WM020(1.0),Recycling rate of packaging waste by type of packaging,A,Annual,W1501,Packaging,RT_TGT2025,Rate (2025 target and onwards),FR,France,2007,,57,,,,,
dataflow,ESTAT:CEI_WM020(1.0),Recycling rate of packaging waste by type of packaging,A,Annual,W1501,Packaging,RT_TGT2025,Rate (2025 target and onwards),FR,France,2008,,55.2,,,,,
dataflow,ESTAT:CEI_WM020(1.0),Recycling rate of packaging waste by type of packaging,A,Annual,W1501,Packaging,RT_TGT2025,Rate (2025 target and onwards),FR,France,2009,,56.4,,,,,
dataflow,ESTAT:CEI_WM020(1.0),Recycling rate of packaging waste by type of packaging,A,Annual,W1501,Packaging,RT_TGT2025,Rate (2025 target and onwards),FR,France,2010,,61.1,,,,,
dataflow,ESTAT:CEI_WM020(1.0),Recycling rate of packaging waste by type of packaging,A,Annual,W1501,Packaging,RT_TGT2025,Rate (2025 target and onwards),FR,France,2011,,61.3,,,,,
dataflow,ESTAT:CEI_WM020(1.0),Recycling rate of packaging waste by type of packaging,A,Annual,W1501,Packaging,RT_TGT2025,Rate (2025 target and onwards),FR,France,2012,,64.9,,,,,
dataflow,ESTAT:CEI_WM020(1.0),Recycling rate of packaging waste by type of packaging,A,Annual,W1501,Packaging,RT_TGT2025,Rate (2025 target and onwards),FR,France,2013,,66.4,,,,,
dataflow,ESTAT:CEI_WM020(1.0),Recycling rate of packaging waste by type of packaging,A,Annual,W1501,Packaging,RT_TGT2025,Rate (2025 target and onwards),FR,France,2014,,65.2,,,,,
dataflow,ESTAT:CEI_WM020(1.0),Recycling rate of packaging waste by type of packaging,A,Annual,W1501,Packaging,RT_TGT2025,Rate (2025 target and onwards),FR,France,2015,,65.5,,,,,
dataflow,ESTAT:CEI_WM020(1.0),Recycling rate of packaging waste by type of packaging,A,Annual,W1501,Packaging,RT_TGT2025,Rate (2025 target and onwards),FR,France,2016,,66,,,,,
dataflow,ESTAT:CEI_WM020(1.0),Recycling rate of packaging waste by type of packaging,A,Annual,W1501,Packaging,RT_TGT2025,Rate (2025 target and onwards),FR,France,2017,,68.1,,,,,
dataflow,ESTAT:CEI_WM020(1.0),Recycling rate of packaging waste by type of packaging,A,Annual,W1501,Packaging,RT_TGT2025,Rate (2025 target and onwards),FR,France,2018,,63.5,,,,,
dataflow,ESTAT:CEI_WM020(1.0),Recycling rate of packaging waste by type of packaging,A,Annual,W1501,Packaging,RT_TGT2025,Rate (2025 target and onwards),FR,France,2019,,65.6,,,,,
dataflow,ESTAT:CEI_WM020(1.0),Recycling rate of packaging waste by type of packaging,A,Annual,W1501,Packaging,RT_TGT2025,Rate (2025 target and onwards),FR,France,2020,,60.3,,,,,
dataflow,ESTAT:CEI_WM020(1.0),Recycling rate of packaging waste by type of packaging,A,Annual,W1501,Packaging,RT_TGT2025,Rate (2025 target and onwards),FR,France,2021,,62.4,,,,,
dataflow,ESTAT:CEI_WM020(1.0),Recycling rate of packaging waste by type of packaging,A,Annual,W1501,Packaging,RT_TGT2025,Rate (2025 target and onwards),FR,France,2022,,67.5,,,,,
dataflow,ESTAT:CEI_WM020(1.0),Recycling rate of packaging waste by type of packaging,A,Annual,W1501,Packaging,RT_TGT2025,Rate (2025 target and onwards),FR,France,2023,,69,,,,,
dataflow,ESTAT:CEI_WM020(1.0),Recycling rate of packaging waste by type of packaging,A,Annual,W1501,Packaging,RT_TGT2025,Rate (2025 target and onwards),HR,Croatia,2012,,59.7,,,,,
dataflow,ESTAT:CEI_WM020(1.0),Recycling rate of packaging waste by type of packaging,A,Annual,W1501,Packaging,RT_TGT2025,Rate (2025 target and onwards),HR,Croatia,2013,,58.8,,,,,
dataflow,ESTAT:CEI_WM020(1.0),Recycling rate of packaging waste by type of packaging,A,Annual,W1501,Packaging,RT_TGT2025,Rate (2025 target and onwards),HR,Croatia,2014,,52.7,,,,,
dataflow,ESTAT:CEI_WM020(1.0),Recycling rate of packaging waste by type of packaging,A,Annual,W1501,Packaging,RT_TGT2025,Rate (2025 target and onwards),HR,Croatia,2015,,60.1,,,,,
dataflow,ESTAT:CEI_WM020(1.0),Recycling rate of packaging waste by type of packaging,A,Annual,W1501,Packaging,RT_TGT2025,Rate (2025 target and onwards),HR,Croatia,2016,,54.7,,,,,
dataflow,ESTAT:CEI_WM020(1.0),Recycling rate of packaging waste by type of packaging,A,Annual,W1501,Packaging,RT_TGT2025,Rate (2025 target and onwards),HR,Croatia,2017,,53.3,,,,,
dataflow,ESTAT:CEI_WM020(1.0),Recycling rate of packaging waste by type of packaging,A,Annual,W1501,Packaging,RT_TGT2025,Rate (2025 target and onwards),HR,Croatia,2018,,58.4,,,,,
dataflow,ESTAT:CEI_WM020(1.0),Recycling rate of packaging waste by type of packaging,A,Annual,W1501,Packaging,RT_TGT2025,Rate (2025 target and onwards),HR,Croatia,2019,,48.9,,,,,
dataflow,ESTAT:CEI_WM020(1.0),Recycling rate of packaging waste by type of packaging,A,Annual,W1501,Packaging,RT_TGT2025,Rate (2025 target and onwards),HR,Croatia,2020,,54.2,,,,,
dataflow,ESTAT:CEI_WM020(1.0),Recycling rate of packaging waste by type of packaging,A,Annual,W1501,Packaging,RT_TGT2025,Rate (2025 target and onwards),HR,Croatia,2021,,51.7,,,,,
dataflow,ESTAT:CEI_WM020(1.0),Recycling rate of packaging waste by type of packaging,A,Annual,W1501,Packaging,RT_TGT2025,Rate (2025 target and onwards),HR,Croatia,2022,,52.4,,,,,
dataflow,ESTAT:CEI_WM020(1.0),Recycling rate of packaging waste by type of packaging,A,Annual,W1501,Packaging,RT_TGT2025,Rate (2025 target and onwards),HR,Croatia,2023,,51.9,,p,provisional,,
dataflow,ESTAT:CEI_WM020(1.0),Recycling rate of packaging waste by type of packaging,A,Annual,W1501,Packaging,RT_TGT2025,Rate (2025 target and onwards),HU,Hungary,2004,,43.3,,,,,
dataflow,ESTAT:CEI_WM020(1.0),Recycling rate of packaging waste by type of packaging,A,Annual,W1501,Packaging,RT_TGT2025,Rate (2025 target and onwards),HU,Hungary,2005,,45.9,,,,,
dataflow,ESTAT:CEI_WM020(1.0),Recycling rate of packaging waste by type of packaging,A,Annual,W1501,Packaging,RT_TGT2025,Rate (2025 target and onwards),HU,Hungary,2006,,48.9,,,,,
dataflow,ESTAT:CEI_WM020(1.0),Recycling rate of packaging waste by type of packaging,A,Annual,W1501,Packaging,RT_TGT2025,Rate (2025 target and onwards),HU,Hungary,2007,,46.4,,,,,
dataflow,ESTAT:CEI_WM020(1.0),Recycling rate of packaging waste by type of packaging,A,Annual,W1501,Packaging,RT_TGT2025,Rate (2025 target and onwards),HU,Hungary,2008,,50.8,,,,,
dataflow,ESTAT:CEI_WM020(1.0),Recycling rate of packaging waste by type of packaging,A,Annual,W1501,Packaging,RT_TGT2025,Rate (2025 target and onwards),HU,Hungary,2009,,51.1,,,,,
dataflow,ESTAT:CEI_WM020(1.0),Recycling rate of packaging waste by type of packaging,A,Annual,W1501,Packaging,RT_TGT2025,Rate (2025 target and onwards),HU,Hungary,2010,,58.7,,,,,
dataflow,ESTAT:CEI_WM020(1.0),Recycling rate of packaging waste by type of packaging,A,Annual,W1501,Packaging,RT_TGT2025,Rate (2025 target and onwards),HU,Hungary,2011,,59.3,,,,,
dataflow,ESTAT:CEI_WM020(1.0),Recycling rate of packaging waste by type of packaging,A,Annual,W1501,Packaging,RT_TGT2025,Rate (2025 target and onwards),HU,Hungary,2012,,48.5,,,,,
dataflow,ESTAT:CEI_WM020(1.0),Recycling rate of packaging waste by type of packaging,A,Annual,W1501,Packaging,RT_TGT2025,Rate (2025 target and onwards),HU,Hungary,2013,,49.2,,,,,
dataflow,ESTAT:CEI_WM020(1.0),Recycling rate of packaging waste by type of packaging,A,Annual,W1501,Packaging,RT_TGT2025,Rate (2025 target and onwards),HU,Hungary,2014,,48.4,,,,,
dataflow,ESTAT:CEI_WM020(1.0),Recycling rate of packaging waste by type of packaging,A,Annual,W1501,Packaging,RT_TGT2025,Rate (2025 target and onwards),HU,Hungary,2015,,50.1,,,,,
dataflow,ESTAT:CEI_WM020(1.0),Recycling rate of packaging waste by type of packaging,A,Annual,W1501,Packaging,RT_TGT2025,Rate (2025 target and onwards),HU,Hungary,2016,,49.7,,,,,
dataflow,ESTAT:CEI_WM020(1.0),Recycling rate of packaging waste by type of packaging,A,Annual,W1501,Packaging,RT_TGT2025,Rate (2025 target and onwards),HU,Hungary,2017,,49.7,,,,,
dataflow,ESTAT:CEI_WM020(1.0),Recycling rate of packaging waste by type of packaging,A,Annual,W1501,Packaging,RT_TGT2025,Rate (2025 target and onwards),HU,Hungary,2018,,46.1,,,,,
dataflow,ESTAT:CEI_WM020(1.0),Recycling rate of packaging waste by type of packaging,A,Annual,W1501,Packaging,RT_TGT2025,Rate (2025 target and onwards),HU,Hungary,2019,,47,,,,,
dataflow,ESTAT:CEI_WM020(1.0),Recycling rate of packaging waste by type of packaging,A,Annual,W1501,Packaging,RT_TGT2025,Rate (2025 target and onwards),HU,Hungary,2020,,48.6,,,,,
dataflow,ESTAT:CEI_WM020(1.0),Recycling rate of packaging waste by type of packaging,A,Annual,W1501,Packaging,RT_TGT2025,Rate (2025 target and onwards),HU,Hungary,2021,,44.8,,,,,
dataflow,ESTAT:CEI_WM020(1.0),Recycling rate of packaging waste by type of packaging,A,Annual,W1501,Packaging,RT_TGT2025,Rate (2025 target and onwards),HU,Hungary,2022,,42.9,,,,,
dataflow,ESTAT:CEI_WM020(1.0),Recycling rate of packaging waste by type of packaging,A,Annual,W1501,Packaging,RT_TGT2025,Rate (2025 target and onwards),HU,Hungary,2023,,42.8,,p,provisional,,
dataflow,ESTAT:CEI_WM020(1.0),Recycling rate of packaging waste by type of packaging,A,Annual,W1501,Packaging,RT_TGT2025,Rate (2025 target and onwards),IE,Ireland,2000,,18.9,,,,,
dataflow,ESTAT:CEI_WM020(1.0),Recycling rate of packaging waste by type of packaging,A,Annual,W1501,Packaging,RT_TGT2025,Rate (2025 target and onwards),IE,Ireland,2001,,27,,,,,
dataflow,ESTAT:CEI_WM020(1.0),Recycling rate of packaging waste by type of packaging,A,Annual,W1501,Packaging,RT_TGT2025,Rate (2025 target and onwards),IE,Ireland,2002,,34.9,,,,,
dataflow,ESTAT:CEI_WM020(1.0),Recycling rate of packaging waste by type of packaging,A,Annual,W1501,Packaging,RT_TGT2025,Rate (2025 target and onwards),IE,Ireland,2003,,51.2,,,,,
dataflow,ESTAT:CEI_WM020(1.0),Recycling rate of packaging waste by type of packaging,A,Annual,W1501,Packaging,RT_TGT2025,Rate (2025 target and onwards),IE,Ireland,2004,,56.4,,,,,
dataflow,ESTAT:CEI_WM020(1.0),Recycling rate of packaging waste by type of packaging,A,Annual,W1501,Packaging,RT_TGT2025,Rate (2025 target and onwards),IE,Ireland,2005,,55.6,,,,,
dataflow,ESTAT:CEI_WM020(1.0),Recycling rate of packaging waste by type of packaging,A,Annual,W1501,Packaging,RT_TGT2025,Rate (2025 target and onwards),IE,Ireland,2006,,54.5,,,,,
dataflow,ESTAT:CEI_WM020(1.0),Recycling rate of packaging waste by type of packaging,A,Annual,W1501,Packaging,RT_TGT2025,Rate (2025 target and onwards),IE,Ireland,2007,,60.6,,,,,
dataflow,ESTAT:CEI_WM020(1.0),Recycling rate of packaging waste by type of packaging,A,Annual,W1501,Packaging,RT_TGT2025,Rate (2025 target and onwards),IE,Ireland,2008,,61.7,,i,value imputed by Eurostat or other receiving agencies,,
dataflow,ESTAT:CEI_WM020(1.0),Recycling rate of packaging waste by type of packaging,A,Annual,W1501,Packaging,RT_TGT2025,Rate (2025 target and onwards),IE,Ireland,2009,,64.9,,,,,
dataflow,ESTAT:CEI_WM020(1.0),Recycling rate of packaging waste by type of packaging,A,Annual,W1501,Packaging,RT_TGT2025,Rate (2025 target and onwards),IE,Ireland,2010,,66.2,,,,,
dataflow,ESTAT:CEI_WM020(1.0),Recycling rate of packaging waste by type of packaging,A,Annual,W1501,Packaging,RT_TGT2025,Rate (2025 target and onwards),IE,Ireland,2011,,70.9,,,,,
dataflow,ESTAT:CEI_WM020(1.0),Recycling rate of packaging waste by type of packaging,A,Annual,W1501,Packaging,RT_TGT2025,Rate (2025 target and onwards),IE,Ireland,2012,,74,,,,,
dataflow,ESTAT:CEI_WM020(1.0),Recycling rate of packaging waste by type of packaging,A,Annual,W1501,Packaging,RT_TGT2025,Rate (2025 target and onwards),IE,Ireland,2013,,70.2,,,,,
dataflow,ESTAT:CEI_WM020(1.0),Recycling rate of packaging waste by type of packaging,A,Annual,W1501,Packaging,RT_TGT2025,Rate (2025 target and onwards),IE,Ireland,2014,,68.3,,,,,
dataflow,ESTAT:CEI_WM020(1.0),Recycling rate of packaging waste by type of packaging,A,Annual,W1501,Packaging,RT_TGT2025,Rate (2025 target and onwards),IE,Ireland,2015,,67.5,,,,,
dataflow,ESTAT:CEI_WM020(1.0),Recycling rate of packaging waste by type of packaging,A,Annual,W1501,Packaging,RT_TGT2025,Rate (2025 target and onwards),IE,Ireland,2016,,67,,,,,
dataflow,ESTAT:CEI_WM020(1.0),Recycling rate of packaging waste by type of packaging,A,Annual,W1501,Packaging,RT_TGT2025,Rate (2025 target and onwards),IE,Ireland,2017,,65.6,,,,,
dataflow,ESTAT:CEI_WM020(1.0),Recycling rate of packaging waste by type of packaging,A,Annual,W1501,Packaging,RT_TGT2025,Rate (2025 target and onwards),IE,Ireland,2018,,63.9,,,,,
dataflow,ESTAT:CEI_WM020(1.0),Recycling rate of packaging waste by type of packaging,A,Annual,W1501,Packaging,RT_TGT2025,Rate (2025 target and onwards),IE,Ireland,2019,,62.5,,,,,
dataflow,ESTAT:CEI_WM020(1.0),Recycling rate of packaging waste by type of packaging,A,Annual,W1501,Packaging,RT_TGT2025,Rate (2025 target and onwards),IE,Ireland,2020,,62.4,,,,,
dataflow,ESTAT:CEI_WM020(1.0),Recycling rate of packaging waste by type of packaging,A,Annual,W1501,Packaging,RT_TGT2025,Rate (2025 target and onwards),IE,Ireland,2021,,59.3,,,,,
dataflow,ESTAT:CEI_WM020(1.0),Recycling rate of packaging waste by type of packaging,A,Annual,W1501,Packaging,RT_TGT2025,Rate (2025 target and onwards),IE,Ireland,2022,,61.7,,,,,
dataflow,ESTAT:CEI_WM020(1.0),Recycling rate of packaging waste by type of packaging,A,Annual,W1501,Packaging,RT_TGT2025,Rate (2025 target and onwards),IE,Ireland,2023,,61,,,,,
dataflow,ESTAT:CEI_WM020(1.0),Recycling rate of packaging waste by type of packaging,A,Annual,W1501,Packaging,RT_TGT2025,Rate (2025 target and onwards),IS,Iceland,2010,,33.9,,,,,
dataflow,ESTAT:CEI_WM020(1.0),Recycling rate of packaging waste by type of packaging,A,Annual,W1501,Packaging,RT_TGT2025,Rate (2025 target and onwards),IS,Iceland,2011,,44,,,,,
dataflow,ESTAT:CEI_WM020(1.0),Recycling rate of packaging waste by type of packaging,A,Annual,W1501,Packaging,RT_TGT2025,Rate (2025 target and onwards),IS,Iceland,2012,,40.7,,,,,
dataflow,ESTAT:CEI_WM020(1.0),Recycling rate of packaging waste by type of packaging,A,Annual,W1501,Packaging,RT_TGT2025,Rate (2025 target and onwards),IS,Iceland,2013,,42.9,,,,,
dataflow,ESTAT:CEI_WM020(1.0),Recycling rate of packaging waste by type of packaging,A,Annual,W1501,Packaging,RT_TGT2025,Rate (2025 target and onwards),IS,Iceland,2014,,42.8,,,,,
dataflow,ESTAT:CEI_WM020(1.0),Recycling rate of packaging waste by type of packaging,A,Annual,W1501,Packaging,RT_TGT2025,Rate (2025 target and onwards),IS,Iceland,2015,,47.4,,,,,
dataflow,ESTAT:CEI_WM020(1.0),Recycling rate of packaging waste by type of packaging,A,Annual,W1501,Packaging,RT_TGT2025,Rate (2025 target and onwards),IS,Iceland,2016,,47.2,,,,,
dataflow,ESTAT:CEI_WM020(1.0),Recycling rate of packaging waste by type of packaging,A,Annual,W1501,Packaging,RT_TGT2025,Rate (2025 target and onwards),IS,Iceland,2017,,44.4,,,,,
dataflow,ESTAT:CEI_WM020(1.0),Recycling rate of packaging waste by type of packaging,A,Annual,W1501,Packaging,RT_TGT2025,Rate (2025 target and onwards),IS,Iceland,2018,,51.2,,,,,
dataflow,ESTAT:CEI_WM020(1.0),Recycling rate of packaging waste by type of packaging,A,Annual,W1501,Packaging,RT_TGT2025,Rate (2025 target and onwards),IS,Iceland,2019,,46.3,,,,,
dataflow,ESTAT:CEI_WM020(1.0),Recycling rate of packaging waste by type of packaging,A,Annual,W1501,Packaging,RT_TGT2025,Rate (2025 target and onwards),IS,Iceland,2020,,57,,d,definition differs (see metadata),,
dataflow,ESTAT:CEI_WM020(1.0),Recycling rate of packaging waste by type of packaging,A,Annual,W1501,Packaging,RT_TGT2025,Rate (2025 target and onwards),IS,Iceland,2021,,49.8,,d,definition differs (see metadata),,
dataflow,ESTAT:CEI_WM020(1.0),Recycling rate of packaging waste by type of packaging,A,Annual,W1501,Packaging,RT_TGT2025,Rate (2025 target and onwards),IS,Iceland,2022,,42.1,,d,definition differs (see metadata),,
dataflow,ESTAT:CEI_WM020(1.0),Recycling rate of packaging waste by type of packaging,A,Annual,W1501,Packaging,RT_TGT2025,Rate (2025 target and onwards),IS,Iceland,2023,,77.3,,d,definition differs (see metadata),,
dataflow,ESTAT:CEI_WM020(1.0),Recycling rate of packaging waste by type of packaging,A,Annual,W1501,Packaging,RT_TGT2025,Rate (2025 target and onwards),IT,Italy,2000,,38.4,,,,,
dataflow,ESTAT:CEI_WM020(1.0),Recycling rate of packaging waste by type of packaging,A,Annual,W1501,Packaging,RT_TGT2025,Rate (2025 target and onwards),IT,Italy,2001,,45.5,,,,,
dataflow,ESTAT:CEI_WM020(1.0),Recycling rate of packaging waste by type of packaging,A,Annual,W1501,Packaging,RT_TGT2025,Rate (2025 target and onwards),IT,Italy,2002,,51.4,,,,,
dataflow,ESTAT:CEI_WM020(1.0),Recycling rate of packaging waste by type of packaging,A,Annual,W1501,Packaging,RT_TGT2025,Rate (2025 target and onwards),IT,Italy,2003,,51.4,,,,,
dataflow,ESTAT:CEI_WM020(1.0),Recycling rate of packaging waste by type of packaging,A,Annual,W1501,Packaging,RT_TGT2025,Rate (2025 target and onwards),IT,Italy,2004,,53.3,,,,,
dataflow,ESTAT:CEI_WM020(1.0),Recycling rate of packaging waste by type of packaging,A,Annual,W1501,Packaging,RT_TGT2025,Rate (2025 target and onwards),IT,Italy,2005,,53.7,,,,,
dataflow,ESTAT:CEI_WM020(1.0),Recycling rate of packaging waste by type of packaging,A,Annual,W1501,Packaging,RT_TGT2025,Rate (2025 target and onwards),IT,Italy,2006,,54.9,,,,,
dataflow,ESTAT:CEI_WM020(1.0),Recycling rate of packaging waste by type of packaging,A,Annual,W1501,Packaging,RT_TGT2025,Rate (2025 target and onwards),IT,Italy,2007,,56.8,,,,,
dataflow,ESTAT:CEI_WM020(1.0),Recycling rate of packaging waste by type of packaging,A,Annual,W1501,Packaging,RT_TGT2025,Rate (2025 target and onwards),IT,Italy,2008,,59.6,,,,,
dataflow,ESTAT:CEI_WM020(1.0),Recycling rate of packaging waste by type of packaging,A,Annual,W1501,Packaging,RT_TGT2025,Rate (2025 target and onwards),IT,Italy,2009,,64,,,,,
dataflow,ESTAT:CEI_WM020(1.0),Recycling rate of packaging waste by type of packaging,A,Annual,W1501,Packaging,RT_TGT2025,Rate (2025 target and onwards),IT,Italy,2010,,64.4,,,,,
dataflow,ESTAT:CEI_WM020(1.0),Recycling rate of packaging waste by type of packaging,A,Annual,W1501,Packaging,RT_TGT2025,Rate (2025 target and onwards),IT,Italy,2011,,64.5,,,,,
dataflow,ESTAT:CEI_WM020(1.0),Recycling rate of packaging waste by type of packaging,A,Annual,W1501,Packaging,RT_TGT2025,Rate (2025 target and onwards),IT,Italy,2012,,66.6,,,,,
dataflow,ESTAT:CEI_WM020(1.0),Recycling rate of packaging waste by type of packaging,A,Annual,W1501,Packaging,RT_TGT2025,Rate (2025 target and onwards),IT,Italy,2013,,66.7,,,,,
dataflow,ESTAT:CEI_WM020(1.0),Recycling rate of packaging waste by type of packaging,A,Annual,W1501,Packaging,RT_TGT2025,Rate (2025 target and onwards),IT,Italy,2014,,65.4,,,,,
dataflow,ESTAT:CEI_WM020(1.0),Recycling rate of packaging waste by type of packaging,A,Annual,W1501,Packaging,RT_TGT2025,Rate (2025 target and onwards),IT,Italy,2015,,66.8,,,,,
dataflow,ESTAT:CEI_WM020(1.0),Recycling rate of packaging waste by type of packaging,A,Annual,W1501,Packaging,RT_TGT2025,Rate (2025 target and onwards),IT,Italy,2016,,66.9,,,,,
dataflow,ESTAT:CEI_WM020(1.0),Recycling rate of packaging waste by type of packaging,A,Annual,W1501,Packaging,RT_TGT2025,Rate (2025 target and onwards),IT,Italy,2017,,67.1,,,,,
dataflow,ESTAT:CEI_WM020(1.0),Recycling rate of packaging waste by type of packaging,A,Annual,W1501,Packaging,RT_TGT2025,Rate (2025 target and onwards),IT,Italy,2018,,68.3,,,,,
dataflow,ESTAT:CEI_WM020(1.0),Recycling rate of packaging waste by type of packaging,A,Annual,W1501,Packaging,RT_TGT2025,Rate (2025 target and onwards),IT,Italy,2019,,69.6,,,,,
dataflow,ESTAT:CEI_WM020(1.0),Recycling rate of packaging waste by type of packaging,A,Annual,W1501,Packaging,RT_TGT2025,Rate (2025 target and onwards),IT,Italy,2020,,71.4,,,,,
dataflow,ESTAT:CEI_WM020(1.0),Recycling rate of packaging waste by type of packaging,A,Annual,W1501,Packaging,RT_TGT2025,Rate (2025 target and onwards),IT,Italy,2021,,71.7,,,,,
dataflow,ESTAT:CEI_WM020(1.0),Recycling rate of packaging waste by type of packaging,A,Annual,W1501,Packaging,RT_TGT2025,Rate (2025 target and onwards),IT,Italy,2022,,70.7,,,,,
dataflow,ESTAT:CEI_WM020(1.0),Recycling rate of packaging waste by type of packaging,A,Annual,W1501,Packaging,RT_TGT2025,Rate (2025 target and onwards),IT,Italy,2023,,75.6,,,,,
dataflow,ESTAT:CEI_WM020(1.0),Recycling rate of packaging waste by type of packaging,A,Annual,W1501,Packaging,RT_TGT2025,Rate (2025 target and onwards),LI,Liechtenstein,2006,,48.9,,,,,
dataflow,ESTAT:CEI_WM020(1.0),Recycling rate of packaging waste by type of packaging,A,Annual,W1501,Packaging,RT_TGT2025,Rate (2025 target and onwards),LI,Liechtenstein,2007,,48.5,,,,,
dataflow,ESTAT:CEI_WM020(1.0),Recycling rate of packaging waste by type of packaging,A,Annual,W1501,Packaging,RT_TGT2025,Rate (2025 target and onwards),LI,Liechtenstein,2008,,47,,,,,
dataflow,ESTAT:CEI_WM020(1.0),Recycling rate of packaging waste by type of packaging,A,Annual,W1501,Packaging,RT_TGT2025,Rate (2025 target and onwards),LI,Liechtenstein,2009,,50,,,,,
dataflow,ESTAT:CEI_WM020(1.0),Recycling rate of packaging waste by type of packaging,A,Annual,W1501,Packaging,RT_TGT2025,Rate (2025 target and onwards),LI,Liechtenstein,2010,,45.9,,,,,
dataflow,ESTAT:CEI_WM020(1.0),Recycling rate of packaging waste by type of packaging,A,Annual,W1501,Packaging,RT_TGT2025,Rate (2025 target and onwards),LI,Liechtenstein,2011,,48.7,,,,,
dataflow,ESTAT:CEI_WM020(1.0),Recycling rate of packaging waste by type of packaging,A,Annual,W1501,Packaging,RT_TGT2025,Rate (2025 target and onwards),LI,Liechtenstein,2012,,44.3,,,,,
dataflow,ESTAT:CEI_WM020(1.0),Recycling rate of packaging waste by type of packaging,A,Annual,W1501,Packaging,RT_TGT2025,Rate (2025 target and onwards),LI,Liechtenstein,2013,,50.3,,,,,
dataflow,ESTAT:CEI_WM020(1.0),Recycling rate of packaging waste by type of packaging,A,Annual,W1501,Packaging,RT_TGT2025,Rate (2025 target and onwards),LI,Liechtenstein,2014,,51.9,,,,,
dataflow,ESTAT:CEI_WM020(1.0),Recycling rate of packaging waste by type of packaging,A,Annual,W1501,Packaging,RT_TGT2025,Rate (2025 target and onwards),LI,Liechtenstein,2015,,66.1,,,,,
dataflow,ESTAT:CEI_WM020(1.0),Recycling rate of packaging waste by type of packaging,A,Annual,W1501,Packaging,RT_TGT2025,Rate (2025 target and onwards),LI,Liechtenstein,2016,,65.8,,,,,
dataflow,ESTAT:CEI_WM020(1.0),Recycling rate of packaging waste by type of packaging,A,Annual,W1501,Packaging,RT_TGT2025,Rate (2025 target and onwards),LI,Liechtenstein,2017,,66.7,,,,,
dataflow,ESTAT:CEI_WM020(1.0),Recycling rate of packaging waste by type of packaging,A,Annual,W1501,Packaging,RT_TGT2025,Rate (2025 target and onwards),LI,Liechtenstein,2018,,68,,,,,
dataflow,ESTAT:CEI_WM020(1.0),Recycling rate of packaging waste by type of packaging,A,Annual,W1501,Packaging,RT_TGT2025,Rate (2025 target and onwards),LI,Liechtenstein,2019,,70,,,,,
dataflow,ESTAT:CEI_WM020(1.0),Recycling rate of packaging waste by type of packaging,A,Annual,W1501,Packaging,RT_TGT2025,Rate (2025 target and onwards),LI,Liechtenstein,2020,,72.1,,d,definition differs (see metadata),,
dataflow,ESTAT:CEI_WM020(1.0),Recycling rate of packaging waste by type of packaging,A,Annual,W1501,Packaging,RT_TGT2025,Rate (2025 target and onwards),LI,Liechtenstein,2021,,72.2,,d,definition differs (see metadata),,
dataflow,ESTAT:CEI_WM020(1.0),Recycling rate of packaging waste by type of packaging,A,Annual,W1501,Packaging,RT_TGT2025,Rate (2025 target and onwards),LI,Liechtenstein,2022,,71.8,,d,definition differs (see metadata),,
dataflow,ESTAT:CEI_WM020(1.0),Recycling rate of packaging waste by type of packaging,A,Annual,W1501,Packaging,RT_TGT2025,Rate (2025 target and onwards),LI,Liechtenstein,2023,,71.4,,,,,
dataflow,ESTAT:CEI_WM020(1.0),Recycling rate of packaging waste by type of packaging,A,Annual,W1501,Packaging,RT_TGT2025,Rate (2025 target and onwards),LT,Lithuania,2004,,32.7,,,,,
dataflow,ESTAT:CEI_WM020(1.0),Recycling rate of packaging waste by type of packaging,A,Annual,W1501,Packaging,RT_TGT2025,Rate (2025 target and onwards),LT,Lithuania,2005,,32.5,,,,,
dataflow,ESTAT:CEI_WM020(1.0),Recycling rate of packaging waste by type of packaging,A,Annual,W1501,Packaging,RT_TGT2025,Rate (2025 target and onwards),LT,Lithuania,2006,,37,,,,,
dataflow,ESTAT:CEI_WM020(1.0),Recycling rate of packaging waste by type of packaging,A,Annual,W1501,Packaging,RT_TGT2025,Rate (2025 target and onwards),LT,Lithuania,2007,,42.9,,,,,
dataflow,ESTAT:CEI_WM020(1.0),Recycling rate of packaging waste by type of packaging,A,Annual,W1501,Packaging,RT_TGT2025,Rate (2025 target and onwards),LT,Lithuania,2008,,51.7,,,,,
dataflow,ESTAT:CEI_WM020(1.0),Recycling rate of packaging waste by type of packaging,A,Annual,W1501,Packaging,RT_TGT2025,Rate (2025 target and onwards),LT,Lithuania,2009,,57.7,,,,,
dataflow,ESTAT:CEI_WM020(1.0),Recycling rate of packaging waste by type of packaging,A,Annual,W1501,Packaging,RT_TGT2025,Rate (2025 target and onwards),LT,Lithuania,2010,,60.4,,,,,
dataflow,ESTAT:CEI_WM020(1.0),Recycling rate of packaging waste by type of packaging,A,Annual,W1501,Packaging,RT_TGT2025,Rate (2025 target and onwards),LT,Lithuania,2011,,62.2,,,,,
dataflow,ESTAT:CEI_WM020(1.0),Recycling rate of packaging waste by type of packaging,A,Annual,W1501,Packaging,RT_TGT2025,Rate (2025 target and onwards),LT,Lithuania,2012,,62.2,,,,,
dataflow,ESTAT:CEI_WM020(1.0),Recycling rate of packaging waste by type of packaging,A,Annual,W1501,Packaging,RT_TGT2025,Rate (2025 target and onwards),LT,Lithuania,2013,,53.5,,,,,
dataflow,ESTAT:CEI_WM020(1.0),Recycling rate of packaging waste by type of packaging,A,Annual,W1501,Packaging,RT_TGT2025,Rate (2025 target and onwards),LT,Lithuania,2014,,57.7,,,,,
dataflow,ESTAT:CEI_WM020(1.0),Recycling rate of packaging waste by type of packaging,A,Annual,W1501,Packaging,RT_TGT2025,Rate (2025 target and onwards),LT,Lithuania,2015,,59.8,,,,,
dataflow,ESTAT:CEI_WM020(1.0),Recycling rate of packaging waste by type of packaging,A,Annual,W1501,Packaging,RT_TGT2025,Rate (2025 target and onwards),LT,Lithuania,2016,,69.5,,,,,
dataflow,ESTAT:CEI_WM020(1.0),Recycling rate of packaging waste by type of packaging,A,Annual,W1501,Packaging,RT_TGT2025,Rate (2025 target and onwards),LT,Lithuania,2017,,61.8,,,,,
dataflow,ESTAT:CEI_WM020(1.0),Recycling rate of packaging waste by type of packaging,A,Annual,W1501,Packaging,RT_TGT2025,Rate (2025 target and onwards),LT,Lithuania,2018,,60.7,,,,,
dataflow,ESTAT:CEI_WM020(1.0),Recycling rate of packaging waste by type of packaging,A,Annual,W1501,Packaging,RT_TGT2025,Rate (2025 target and onwards),LT,Lithuania,2019,,61.9,,,,,
dataflow,ESTAT:CEI_WM020(1.0),Recycling rate of packaging waste by type of packaging,A,Annual,W1501,Packaging,RT_TGT2025,Rate (2025 target and onwards),LT,Lithuania,2020,,61.8,,b,break in time series,,
dataflow,ESTAT:CEI_WM020(1.0),Recycling rate of packaging waste by type of packaging,A,Annual,W1501,Packaging,RT_TGT2025,Rate (2025 target and onwards),LT,Lithuania,2021,,60.7,,,,,
dataflow,ESTAT:CEI_WM020(1.0),Recycling rate of packaging waste by type of packaging,A,Annual,W1501,Packaging,RT_TGT2025,Rate (2025 target and onwards),LT,Lithuania,2022,,58.3,,,,,
dataflow,ESTAT:CEI_WM020(1.0),Recycling rate of packaging waste by type of packaging,A,Annual,W1501,Packaging,RT_TGT2025,Rate (2025 target and onwards),LT,Lithuania,2023,,60.7,,,,,
dataflow,ESTAT:CEI_WM020(1.0),Recycling rate of packaging waste by type of packaging,A,Annual,W1501,Packaging,RT_TGT2025,Rate (2025 target and onwards),LU,Luxembourg,2000,,45.2,,,,,
dataflow,ESTAT:CEI_WM020(1.0),Recycling rate of packaging waste by type of packaging,A,Annual,W1501,Packaging,RT_TGT2025,Rate (2025 target and onwards),LU,Luxembourg,2001,,57.3,,,,,
dataflow,ESTAT:CEI_WM020(1.0),Recycling rate of packaging waste by type of packaging,A,Annual,W1501,Packaging,RT_TGT2025,Rate (2025 target and onwards),LU,Luxembourg,2002,,56.8,,,,,
dataflow,ESTAT:CEI_WM020(1.0),Recycling rate of packaging waste by type of packaging,A,Annual,W1501,Packaging,RT_TGT2025,Rate (2025 target and onwards),LU,Luxembourg,2003,,60.1,,,,,
dataflow,ESTAT:CEI_WM020(1.0),Recycling rate of packaging waste by type of packaging,A,Annual,W1501,Packaging,RT_TGT2025,Rate (2025 target and onwards),LU,Luxembourg,2004,,61,,,,,
dataflow,ESTAT:CEI_WM020(1.0),Recycling rate of packaging waste by type of packaging,A,Annual,W1501,Packaging,RT_TGT2025,Rate (2025 target and onwards),LU,Luxembourg,2005,,62.6,,,,,
dataflow,ESTAT:CEI_WM020(1.0),Recycling rate of packaging waste by type of packaging,A,Annual,W1501,Packaging,RT_TGT2025,Rate (2025 target and onwards),LU,Luxembourg,2006,,63.8,,,,,
dataflow,ESTAT:CEI_WM020(1.0),Recycling rate of packaging waste by type of packaging,A,Annual,W1501,Packaging,RT_TGT2025,Rate (2025 target and onwards),LU,Luxembourg,2007,,62.5,,,,,
dataflow,ESTAT:CEI_WM020(1.0),Recycling rate of packaging waste by type of packaging,A,Annual,W1501,Packaging,RT_TGT2025,Rate (2025 target and onwards),LU,Luxembourg,2008,,63.6,,,,,
dataflow,ESTAT:CEI_WM020(1.0),Recycling rate of packaging waste by type of packaging,A,Annual,W1501,Packaging,RT_TGT2025,Rate (2025 target and onwards),LU,Luxembourg,2009,,61,,,,,
dataflow,ESTAT:CEI_WM020(1.0),Recycling rate of packaging waste by type of packaging,A,Annual,W1501,Packaging,RT_TGT2025,Rate (2025 target and onwards),LU,Luxembourg,2010,,66,,,,,
dataflow,ESTAT:CEI_WM020(1.0),Recycling rate of packaging waste by type of packaging,A,Annual,W1501,Packaging,RT_TGT2025,Rate (2025 target and onwards),LU,Luxembourg,2011,,66,,,,,
dataflow,ESTAT:CEI_WM020(1.0),Recycling rate of packaging waste by type of packaging,A,Annual,W1501,Packaging,RT_TGT2025,Rate (2025 target and onwards),LU,Luxembourg,2012,,62.5,,,,,
dataflow,ESTAT:CEI_WM020(1.0),Recycling rate of packaging waste by type of packaging,A,Annual,W1501,Packaging,RT_TGT2025,Rate (2025 target and onwards),LU,Luxembourg,2013,,62.8,,,,,
dataflow,ESTAT:CEI_WM020(1.0),Recycling rate of packaging waste by type of packaging,A,Annual,W1501,Packaging,RT_TGT2025,Rate (2025 target and onwards),LU,Luxembourg,2014,,66,,,,,
dataflow,ESTAT:CEI_WM020(1.0),Recycling rate of packaging waste by type of packaging,A,Annual,W1501,Packaging,RT_TGT2025,Rate (2025 target and onwards),LU,Luxembourg,2015,,70,,,,,
dataflow,ESTAT:CEI_WM020(1.0),Recycling rate of packaging waste by type of packaging,A,Annual,W1501,Packaging,RT_TGT2025,Rate (2025 target and onwards),LU,Luxembourg,2016,,70.3,,,,,
dataflow,ESTAT:CEI_WM020(1.0),Recycling rate of packaging waste by type of packaging,A,Annual,W1501,Packaging,RT_TGT2025,Rate (2025 target and onwards),LU,Luxembourg,2017,,69.7,,,,,
dataflow,ESTAT:CEI_WM020(1.0),Recycling rate of packaging waste by type of packaging,A,Annual,W1501,Packaging,RT_TGT2025,Rate (2025 target and onwards),LU,Luxembourg,2018,,70.9,,,,,
dataflow,ESTAT:CEI_WM020(1.0),Recycling rate of packaging waste by type of packaging,A,Annual,W1501,Packaging,RT_TGT2025,Rate (2025 target and onwards),LU,Luxembourg,2019,,71.5,,,,,
dataflow,ESTAT:CEI_WM020(1.0),Recycling rate of packaging waste by type of packaging,A,Annual,W1501,Packaging,RT_TGT2025,Rate (2025 target and onwards),LU,Luxembourg,2020,,71.9,,,,,
dataflow,ESTAT:CEI_WM020(1.0),Recycling rate of packaging waste by type of packaging,A,Annual,W1501,Packaging,RT_TGT2025,Rate (2025 target and onwards),LU,Luxembourg,2021,,73.4,,,,,
dataflow,ESTAT:CEI_WM020(1.0),Recycling rate of packaging waste by type of packaging,A,Annual,W1501,Packaging,RT_TGT2025,Rate (2025 target and onwards),LU,Luxembourg,2022,,63.4,,,,,
dataflow,ESTAT:CEI_WM020(1.0),Recycling rate of packaging waste by type of packaging,A,Annual,W1501,Packaging,RT_TGT2025,Rate (2025 target and onwards),LU,Luxembourg,2023,,66.1,,,,,
dataflow,ESTAT:CEI_WM020(1.0),Recycling rate of packaging waste by type of packaging,A,Annual,W1501,Packaging,RT_TGT2025,Rate (2025 target and onwards),LV,Latvia,2004,,45.6,,,,,
dataflow,ESTAT:CEI_WM020(1.0),Recycling rate of packaging waste by type of packaging,A,Annual,W1501,Packaging,RT_TGT2025,Rate (2025 target and onwards),LV,Latvia,2005,,47,,,,,
dataflow,ESTAT:CEI_WM020(1.0),Recycling rate of packaging waste by type of packaging,A,Annual,W1501,Packaging,RT_TGT2025,Rate (2025 target and onwards),LV,Latvia,2006,,42.2,,,,,
dataflow,ESTAT:CEI_WM020(1.0),Recycling rate of packaging waste by type of packaging,A,Annual,W1501,Packaging,RT_TGT2025,Rate (2025 target and onwards),LV,Latvia,2007,,39.6,,,,,
dataflow,ESTAT:CEI_WM020(1.0),Recycling rate of packaging waste by type of packaging,A,Annual,W1501,Packaging,RT_TGT2025,Rate (2025 target and onwards),LV,Latvia,2008,,46.8,,,,,
dataflow,ESTAT:CEI_WM020(1.0),Recycling rate of packaging waste by type of packaging,A,Annual,W1501,Packaging,RT_TGT2025,Rate (2025 target and onwards),LV,Latvia,2009,,44.9,,,,,
dataflow,ESTAT:CEI_WM020(1.0),Recycling rate of packaging waste by type of packaging,A,Annual,W1501,Packaging,RT_TGT2025,Rate (2025 target and onwards),LV,Latvia,2010,,48.9,,,,,
dataflow,ESTAT:CEI_WM020(1.0),Recycling rate of packaging waste by type of packaging,A,Annual,W1501,Packaging,RT_TGT2025,Rate (2025 target and onwards),LV,Latvia,2011,,50.9,,,,,
dataflow,ESTAT:CEI_WM020(1.0),Recycling rate of packaging waste by type of packaging,A,Annual,W1501,Packaging,RT_TGT2025,Rate (2025 target and onwards),LV,Latvia,2012,,51.1,,,,,
dataflow,ESTAT:CEI_WM020(1.0),Recycling rate of packaging waste by type of packaging,A,Annual,W1501,Packaging,RT_TGT2025,Rate (2025 target and onwards),LV,Latvia,2013,,51,,,,,
dataflow,ESTAT:CEI_WM020(1.0),Recycling rate of packaging waste by type of packaging,A,Annual,W1501,Packaging,RT_TGT2025,Rate (2025 target and onwards),LV,Latvia,2014,,54.9,,,,,
dataflow,ESTAT:CEI_WM020(1.0),Recycling rate of packaging waste by type of packaging,A,Annual,W1501,Packaging,RT_TGT2025,Rate (2025 target and onwards),LV,Latvia,2015,,53.9,,,,,
dataflow,ESTAT:CEI_WM020(1.0),Recycling rate of packaging waste by type of packaging,A,Annual,W1501,Packaging,RT_TGT2025,Rate (2025 target and onwards),LV,Latvia,2016,,57.7,,,,,
dataflow,ESTAT:CEI_WM020(1.0),Recycling rate of packaging waste by type of packaging,A,Annual,W1501,Packaging,RT_TGT2025,Rate (2025 target and onwards),LV,Latvia,2017,,58.7,,,,,
dataflow,ESTAT:CEI_WM020(1.0),Recycling rate of packaging waste by type of packaging,A,Annual,W1501,Packaging,RT_TGT2025,Rate (2025 target and onwards),LV,Latvia,2018,,55.8,,,,,
dataflow,ESTAT:CEI_WM020(1.0),Recycling rate of packaging waste by type of packaging,A,Annual,W1501,Packaging,RT_TGT2025,Rate (2025 target and onwards),LV,Latvia,2019,,62.4,,,,,
dataflow,ESTAT:CEI_WM020(1.0),Recycling rate of packaging waste by type of packaging,A,Annual,W1501,Packaging,RT_TGT2025,Rate (2025 target and onwards),LV,Latvia,2020,,61.4,,,,,
dataflow,ESTAT:CEI_WM020(1.0),Recycling rate of packaging waste by type of packaging,A,Annual,W1501,Packaging,RT_TGT2025,Rate (2025 target and onwards),LV,Latvia,2021,,61,,,,,
dataflow,ESTAT:CEI_WM020(1.0),Recycling rate of packaging waste by type of packaging,A,Annual,W1501,Packaging,RT_TGT2025,Rate (2025 target and onwards),LV,Latvia,2022,,60.8,,,,,
dataflow,ESTAT:CEI_WM020(1.0),Recycling rate of packaging waste by type of packaging,A,Annual,W1501,Packaging,RT_TGT2025,Rate (2025 target and onwards),LV,Latvia,2023,,63.1,,,,,
dataflow,ESTAT:CEI_WM020(1.0),Recycling rate of packaging waste by type of packaging,A,Annual,W1501,Packaging,RT_TGT2025,Rate (2025 target and onwards),MT,Malta,2004,,5.9,,,,,
dataflow,ESTAT:CEI_WM020(1.0),Recycling rate of packaging waste by type of packaging,A,Annual,W1501,Packaging,RT_TGT2025,Rate (2025 target and onwards),MT,Malta,2005,,8.1,,,,,
dataflow,ESTAT:CEI_WM020(1.0),Recycling rate of packaging waste by type of packaging,A,Annual,W1501,Packaging,RT_TGT2025,Rate (2025 target and onwards),MT,Malta,2006,,10.8,,,,,
dataflow,ESTAT:CEI_WM020(1.0),Recycling rate of packaging waste by type of packaging,A,Annual,W1501,Packaging,RT_TGT2025,Rate (2025 target and onwards),MT,Malta,2007,,10.4,,,,,
dataflow,ESTAT:CEI_WM020(1.0),Recycling rate of packaging waste by type of packaging,A,Annual,W1501,Packaging,RT_TGT2025,Rate (2025 target and onwards),MT,Malta,2008,,45.9,,,,,
dataflow,ESTAT:CEI_WM020(1.0),Recycling rate of packaging waste by type of packaging,A,Annual,W1501,Packaging,RT_TGT2025,Rate (2025 target and onwards),MT,Malta,2009,,36,,,,,
dataflow,ESTAT:CEI_WM020(1.0),Recycling rate of packaging waste by type of packaging,A,Annual,W1501,Packaging,RT_TGT2025,Rate (2025 target and onwards),MT,Malta,2010,,28.5,,,,,
dataflow,ESTAT:CEI_WM020(1.0),Recycling rate of packaging waste by type of packaging,A,Annual,W1501,Packaging,RT_TGT2025,Rate (2025 target and onwards),MT,Malta,2011,,42.3,,,,,
dataflow,ESTAT:CEI_WM020(1.0),Recycling rate of packaging waste by type of packaging,A,Annual,W1501,Packaging,RT_TGT2025,Rate (2025 target and onwards),MT,Malta,2012,,46.6,,,,,
dataflow,ESTAT:CEI_WM020(1.0),Recycling rate of packaging waste by type of packaging,A,Annual,W1501,Packaging,RT_TGT2025,Rate (2025 target and onwards),MT,Malta,2013,,38.1,,,,,
dataflow,ESTAT:CEI_WM020(1.0),Recycling rate of packaging waste by type of packaging,A,Annual,W1501,Packaging,RT_TGT2025,Rate (2025 target and onwards),MT,Malta,2014,,41.1,,,,,
dataflow,ESTAT:CEI_WM020(1.0),Recycling rate of packaging waste by type of packaging,A,Annual,W1501,Packaging,RT_TGT2025,Rate (2025 target and onwards),MT,Malta,2015,,37.1,,,,,
dataflow,ESTAT:CEI_WM020(1.0),Recycling rate of packaging waste by type of packaging,A,Annual,W1501,Packaging,RT_TGT2025,Rate (2025 target and onwards),MT,Malta,2016,,39.7,,,,,
dataflow,ESTAT:CEI_WM020(1.0),Recycling rate of packaging waste by type of packaging,A,Annual,W1501,Packaging,RT_TGT2025,Rate (2025 target and onwards),MT,Malta,2017,,35.6,,,,,
dataflow,ESTAT:CEI_WM020(1.0),Recycling rate of packaging waste by type of packaging,A,Annual,W1501,Packaging,RT_TGT2025,Rate (2025 target and onwards),MT,Malta,2018,,35.7,,,,,
dataflow,ESTAT:CEI_WM020(1.0),Recycling rate of packaging waste by type of packaging,A,Annual,W1501,Packaging,RT_TGT2025,Rate (2025 target and onwards),MT,Malta,2019,,33.7,,,,,
dataflow,ESTAT:CEI_WM020(1.0),Recycling rate of packaging waste by type of packaging,A,Annual,W1501,Packaging,RT_TGT2025,Rate (2025 target and onwards),MT,Malta,2020,,40,,,,,
dataflow,ESTAT:CEI_WM020(1.0),Recycling rate of packaging waste by type of packaging,A,Annual,W1501,Packaging,RT_TGT2025,Rate (2025 target and onwards),MT,Malta,2021,,36.8,,,,,
dataflow,ESTAT:CEI_WM020(1.0),Recycling rate of packaging waste by type of packaging,A,Annual,W1501,Packaging,RT_TGT2025,Rate (2025 target and onwards),MT,Malta,2022,,31.8,,,,,
dataflow,ESTAT:CEI_WM020(1.0),Recycling rate of packaging waste by type of packaging,A,Annual,W1501,Packaging,RT_TGT2025,Rate (2025 target and onwards),MT,Malta,2023,,44.4,,,,,
dataflow,ESTAT:CEI_WM020(1.0),Recycling rate of packaging waste by type of packaging,A,Annual,W1501,Packaging,RT_TGT2025,Rate (2025 target and onwards),NL,Netherlands,2000,,58.8,,,,,
dataflow,ESTAT:CEI_WM020(1.0),Recycling rate of packaging waste by type of packaging,A,Annual,W1501,Packaging,RT_TGT2025,Rate (2025 target and onwards),NL,Netherlands,2001,,56,,,,,
dataflow,ESTAT:CEI_WM020(1.0),Recycling rate of packaging waste by type of packaging,A,Annual,W1501,Packaging,RT_TGT2025,Rate (2025 target and onwards),NL,Netherlands,2002,,57.4,,,,,
dataflow,ESTAT:CEI_WM020(1.0),Recycling rate of packaging waste by type of packaging,A,Annual,W1501,Packaging,RT_TGT2025,Rate (2025 target and onwards),NL,Netherlands,2003,,56.4,,,,,
dataflow,ESTAT:CEI_WM020(1.0),Recycling rate of packaging waste by type of packaging,A,Annual,W1501,Packaging,RT_TGT2025,Rate (2025 target and onwards),NL,Netherlands,2004,,58.5,,,,,
dataflow,ESTAT:CEI_WM020(1.0),Recycling rate of packaging waste by type of packaging,A,Annual,W1501,Packaging,RT_TGT2025,Rate (2025 target and onwards),NL,Netherlands,2005,,59.4,,,,,
dataflow,ESTAT:CEI_WM020(1.0),Recycling rate of packaging waste by type of packaging,A,Annual,W1501,Packaging,RT_TGT2025,Rate (2025 target and onwards),NL,Netherlands,2006,,70.2,,,,,
dataflow,ESTAT:CEI_WM020(1.0),Recycling rate of packaging waste by type of packaging,A,Annual,W1501,Packaging,RT_TGT2025,Rate (2025 target and onwards),NL,Netherlands,2007,,69.8,,,,,
dataflow,ESTAT:CEI_WM020(1.0),Recycling rate of packaging waste by type of packaging,A,Annual,W1501,Packaging,RT_TGT2025,Rate (2025 target and onwards),NL,Netherlands,2008,,72.4,,,,,
dataflow,ESTAT:CEI_WM020(1.0),Recycling rate of packaging waste by type of packaging,A,Annual,W1501,Packaging,RT_TGT2025,Rate (2025 target and onwards),NL,Netherlands,2009,,74.9,,,,,
dataflow,ESTAT:CEI_WM020(1.0),Recycling rate of packaging waste by type of packaging,A,Annual,W1501,Packaging,RT_TGT2025,Rate (2025 target and onwards),NL,Netherlands,2010,,73.9,,,,,
dataflow,ESTAT:CEI_WM020(1.0),Recycling rate of packaging waste by type of packaging,A,Annual,W1501,Packaging,RT_TGT2025,Rate (2025 target and onwards),NL,Netherlands,2011,,71.9,,,,,
dataflow,ESTAT:CEI_WM020(1.0),Recycling rate of packaging waste by type of packaging,A,Annual,W1501,Packaging,RT_TGT2025,Rate (2025 target and onwards),NL,Netherlands,2012,,69.3,,,,,
dataflow,ESTAT:CEI_WM020(1.0),Recycling rate of packaging waste by type of packaging,A,Annual,W1501,Packaging,RT_TGT2025,Rate (2025 target and onwards),NL,Netherlands,2013,,70.4,,,,,
dataflow,ESTAT:CEI_WM020(1.0),Recycling rate of packaging waste by type of packaging,A,Annual,W1501,Packaging,RT_TGT2025,Rate (2025 target and onwards),NL,Netherlands,2014,,70.5,,,,,
dataflow,ESTAT:CEI_WM020(1.0),Recycling rate of packaging waste by type of packaging,A,Annual,W1501,Packaging,RT_TGT2025,Rate (2025 target and onwards),NL,Netherlands,2015,,71.7,,,,,
dataflow,ESTAT:CEI_WM020(1.0),Recycling rate of packaging waste by type of packaging,A,Annual,W1501,Packaging,RT_TGT2025,Rate (2025 target and onwards),NL,Netherlands,2016,,72.6,,,,,
dataflow,ESTAT:CEI_WM020(1.0),Recycling rate of packaging waste by type of packaging,A,Annual,W1501,Packaging,RT_TGT2025,Rate (2025 target and onwards),NL,Netherlands,2017,,78.1,,,,,
dataflow,ESTAT:CEI_WM020(1.0),Recycling rate of packaging waste by type of packaging,A,Annual,W1501,Packaging,RT_TGT2025,Rate (2025 target and onwards),NL,Netherlands,2018,,79.4,,,,,
dataflow,ESTAT:CEI_WM020(1.0),Recycling rate of packaging waste by type of packaging,A,Annual,W1501,Packaging,RT_TGT2025,Rate (2025 target and onwards),NL,Netherlands,2019,,80.7,,,,,
dataflow,ESTAT:CEI_WM020(1.0),Recycling rate of packaging waste by type of packaging,A,Annual,W1501,Packaging,RT_TGT2025,Rate (2025 target and onwards),NL,Netherlands,2020,,76.5,,,,,
dataflow,ESTAT:CEI_WM020(1.0),Recycling rate of packaging waste by type of packaging,A,Annual,W1501,Packaging,RT_TGT2025,Rate (2025 target and onwards),NL,Netherlands,2021,,76.8,,,,,
dataflow,ESTAT:CEI_WM020(1.0),Recycling rate of packaging waste by type of packaging,A,Annual,W1501,Packaging,RT_TGT2025,Rate (2025 target and onwards),NL,Netherlands,2022,,75.2,,,,,
dataflow,ESTAT:CEI_WM020(1.0),Recycling rate of packaging waste by type of packaging,A,Annual,W1501,Packaging,RT_TGT2025,Rate (2025 target and onwards),NL,Netherlands,2023,,75.8,,,,,
dataflow,ESTAT:CEI_WM020(1.0),Recycling rate of packaging waste by type of packaging,A,Annual,W1501,Packaging,RT_TGT2025,Rate (2025 target and onwards),NO,Norway,2006,,70.3,,,,,
dataflow,ESTAT:CEI_WM020(1.0),Recycling rate of packaging waste by type of packaging,A,Annual,W1501,Packaging,RT_TGT2025,Rate (2025 target and onwards),NO,Norway,2007,,68.4,,,,,
dataflow,ESTAT:CEI_WM020(1.0),Recycling rate of packaging waste by type of packaging,A,Annual,W1501,Packaging,RT_TGT2025,Rate (2025 target and onwards),NO,Norway,2008,,54.7,,,,,
dataflow,ESTAT:CEI_WM020(1.0),Recycling rate of packaging waste by type of packaging,A,Annual,W1501,Packaging,RT_TGT2025,Rate (2025 target and onwards),NO,Norway,2009,,53.1,,,,,
dataflow,ESTAT:CEI_WM020(1.0),Recycling rate of packaging waste by type of packaging,A,Annual,W1501,Packaging,RT_TGT2025,Rate (2025 target and onwards),NO,Norway,2010,,56.7,,,,,
dataflow,ESTAT:CEI_WM020(1.0),Recycling rate of packaging waste by type of packaging,A,Annual,W1501,Packaging,RT_TGT2025,Rate (2025 target and onwards),NO,Norway,2011,,57.5,,,,,
dataflow,ESTAT:CEI_WM020(1.0),Recycling rate of packaging waste by type of packaging,A,Annual,W1501,Packaging,RT_TGT2025,Rate (2025 target and onwards),NO,Norway,2012,,55.9,,,,,
dataflow,ESTAT:CEI_WM020(1.0),Recycling rate of packaging waste by type of packaging,A,Annual,W1501,Packaging,RT_TGT2025,Rate (2025 target and onwards),NO,Norway,2013,,54.5,,,,,
dataflow,ESTAT:CEI_WM020(1.0),Recycling rate of packaging waste by type of packaging,A,Annual,W1501,Packaging,RT_TGT2025,Rate (2025 target and onwards),NO,Norway,2014,,55.7,,,,,
dataflow,ESTAT:CEI_WM020(1.0),Recycling rate of packaging waste by type of packaging,A,Annual,W1501,Packaging,RT_TGT2025,Rate (2025 target and onwards),NO,Norway,2015,,55.1,,,,,
dataflow,ESTAT:CEI_WM020(1.0),Recycling rate of packaging waste by type of packaging,A,Annual,W1501,Packaging,RT_TGT2025,Rate (2025 target and onwards),NO,Norway,2016,,56.3,,,,,
dataflow,ESTAT:CEI_WM020(1.0),Recycling rate of packaging waste by type of packaging,A,Annual,W1501,Packaging,RT_TGT2025,Rate (2025 target and onwards),NO,Norway,2017,,54.5,,,,,
dataflow,ESTAT:CEI_WM020(1.0),Recycling rate of packaging waste by type of packaging,A,Annual,W1501,Packaging,RT_TGT2025,Rate (2025 target and onwards),NO,Norway,2018,,52.9,,,,,
dataflow,ESTAT:CEI_WM020(1.0),Recycling rate of packaging waste by type of packaging,A,Annual,W1501,Packaging,RT_TGT2025,Rate (2025 target and onwards),NO,Norway,2019,,53.9,,,,,
dataflow,ESTAT:CEI_WM020(1.0),Recycling rate of packaging waste by type of packaging,A,Annual,W1501,Packaging,RT_TGT2025,Rate (2025 target and onwards),NO,Norway,2020,,52.5,,,,,
dataflow,ESTAT:CEI_WM020(1.0),Recycling rate of packaging waste by type of packaging,A,Annual,W1501,Packaging,RT_TGT2025,Rate (2025 target and onwards),NO,Norway,2021,,56.9,,,,,
dataflow,ESTAT:CEI_WM020(1.0),Recycling rate of packaging waste by type of packaging,A,Annual,W1501,Packaging,RT_TGT2025,Rate (2025 target and onwards),NO,Norway,2022,,63.1,,b,break in time series,,
dataflow,ESTAT:CEI_WM020(1.0),Recycling rate of packaging waste by type of packaging,A,Annual,W1501,Packaging,RT_TGT2025,Rate (2025 target and onwards),NO,Norway,2023,,64,,,,,
dataflow,ESTAT:CEI_WM020(1.0),Recycling rate of packaging waste by type of packaging,A,Annual,W1501,Packaging,RT_TGT2025,Rate (2025 target and onwards),PL,Poland,2004,,28.3,,,,,
dataflow,ESTAT:CEI_WM020(1.0),Recycling rate of packaging waste by type of packaging,A,Annual,W1501,Packaging,RT_TGT2025,Rate (2025 target and onwards),PL,Poland,2005,,29.5,,,,,
dataflow,ESTAT:CEI_WM020(1.0),Recycling rate of packaging waste by type of packaging,A,Annual,W1501,Packaging,RT_TGT2025,Rate (2025 target and onwards),PL,Poland,2006,,37.1,,,,,
dataflow,ESTAT:CEI_WM020(1.0),Recycling rate of packaging waste by type of packaging,A,Annual,W1501,Packaging,RT_TGT2025,Rate (2025 target and onwards),PL,Poland,2007,,48.2,,,,,
dataflow,ESTAT:CEI_WM020(1.0),Recycling rate of packaging waste by type of packaging,A,Annual,W1501,Packaging,RT_TGT2025,Rate (2025 target and onwards),PL,Poland,2008,,42.9,,,,,
dataflow,ESTAT:CEI_WM020(1.0),Recycling rate of packaging waste by type of packaging,A,Annual,W1501,Packaging,RT_TGT2025,Rate (2025 target and onwards),PL,Poland,2009,,36.8,,,,,
dataflow,ESTAT:CEI_WM020(1.0),Recycling rate of packaging waste by type of packaging,A,Annual,W1501,Packaging,RT_TGT2025,Rate (2025 target and onwards),PL,Poland,2010,,38.9,,,,,
dataflow,ESTAT:CEI_WM020(1.0),Recycling rate of packaging waste by type of packaging,A,Annual,W1501,Packaging,RT_TGT2025,Rate (2025 target and onwards),PL,Poland,2011,,41.2,,,,,
dataflow,ESTAT:CEI_WM020(1.0),Recycling rate of packaging waste by type of packaging,A,Annual,W1501,Packaging,RT_TGT2025,Rate (2025 target and onwards),PL,Poland,2012,,41.4,,,,,
dataflow,ESTAT:CEI_WM020(1.0),Recycling rate of packaging waste by type of packaging,A,Annual,W1501,Packaging,RT_TGT2025,Rate (2025 target and onwards),PL,Poland,2013,,36.1,,,,,
dataflow,ESTAT:CEI_WM020(1.0),Recycling rate of packaging waste by type of packaging,A,Annual,W1501,Packaging,RT_TGT2025,Rate (2025 target and onwards),PL,Poland,2014,,55.4,,,,,
dataflow,ESTAT:CEI_WM020(1.0),Recycling rate of packaging waste by type of packaging,A,Annual,W1501,Packaging,RT_TGT2025,Rate (2025 target and onwards),PL,Poland,2015,,57.6,,,,,
dataflow,ESTAT:CEI_WM020(1.0),Recycling rate of packaging waste by type of packaging,A,Annual,W1501,Packaging,RT_TGT2025,Rate (2025 target and onwards),PL,Poland,2016,,58,,,,,
dataflow,ESTAT:CEI_WM020(1.0),Recycling rate of packaging waste by type of packaging,A,Annual,W1501,Packaging,RT_TGT2025,Rate (2025 target and onwards),PL,Poland,2017,,56.7,,,,,
dataflow,ESTAT:CEI_WM020(1.0),Recycling rate of packaging waste by type of packaging,A,Annual,W1501,Packaging,RT_TGT2025,Rate (2025 target and onwards),PL,Poland,2018,,58.7,,,,,
dataflow,ESTAT:CEI_WM020(1.0),Recycling rate of packaging waste by type of packaging,A,Annual,W1501,Packaging,RT_TGT2025,Rate (2025 target and onwards),PL,Poland,2019,,58.2,,,,,
dataflow,ESTAT:CEI_WM020(1.0),Recycling rate of packaging waste by type of packaging,A,Annual,W1501,Packaging,RT_TGT2025,Rate (2025 target and onwards),PL,Poland,2022,,64,,,,,
dataflow,ESTAT:CEI_WM020(1.0),Recycling rate of packaging waste by type of packaging,A,Annual,W1501,Packaging,RT_TGT2025,Rate (2025 target and onwards),PL,Poland,2023,,67.4,,p,provisional,,
dataflow,ESTAT:CEI_WM020(1.0),Recycling rate of packaging waste by type of packaging,A,Annual,W1501,Packaging,RT_TGT2025,Rate (2025 target and onwards),PT,Portugal,2000,,30.8,,,,,
dataflow,ESTAT:CEI_WM020(1.0),Recycling rate of packaging waste by type of packaging,A,Annual,W1501,Packaging,RT_TGT2025,Rate (2025 target and onwards),PT,Portugal,2001,,37.7,,,,,
dataflow,ESTAT:CEI_WM020(1.0),Recycling rate of packaging waste by type of packaging,A,Annual,W1501,Packaging,RT_TGT2025,Rate (2025 target and onwards),PT,Portugal,2002,,35.8,,,,,
dataflow,ESTAT:CEI_WM020(1.0),Recycling rate of packaging waste by type of packaging,A,Annual,W1501,Packaging,RT_TGT2025,Rate (2025 target and onwards),PT,Portugal,2003,,38.3,,,,,
dataflow,ESTAT:CEI_WM020(1.0),Recycling rate of packaging waste by type of packaging,A,Annual,W1501,Packaging,RT_TGT2025,Rate (2025 target and onwards),PT,Portugal,2004,,41,,,,,
dataflow,ESTAT:CEI_WM020(1.0),Recycling rate of packaging waste by type of packaging,A,Annual,W1501,Packaging,RT_TGT2025,Rate (2025 target and onwards),PT,Portugal,2005,,44.3,,,,,
dataflow,ESTAT:CEI_WM020(1.0),Recycling rate of packaging waste by type of packaging,A,Annual,W1501,Packaging,RT_TGT2025,Rate (2025 target and onwards),PT,Portugal,2006,,51.4,,,,,
dataflow,ESTAT:CEI_WM020(1.0),Recycling rate of packaging waste by type of packaging,A,Annual,W1501,Packaging,RT_TGT2025,Rate (2025 target and onwards),PT,Portugal,2007,,56.5,,,,,
dataflow,ESTAT:CEI_WM020(1.0),Recycling rate of packaging waste by type of packaging,A,Annual,W1501,Packaging,RT_TGT2025,Rate (2025 target and onwards),PT,Portugal,2008,,61,,,,,
dataflow,ESTAT:CEI_WM020(1.0),Recycling rate of packaging waste by type of packaging,A,Annual,W1501,Packaging,RT_TGT2025,Rate (2025 target and onwards),PT,Portugal,2009,,59.9,,,,,
dataflow,ESTAT:CEI_WM020(1.0),Recycling rate of packaging waste by type of packaging,A,Annual,W1501,Packaging,RT_TGT2025,Rate (2025 target and onwards),PT,Portugal,2010,,55.5,,,,,
dataflow,ESTAT:CEI_WM020(1.0),Recycling rate of packaging waste by type of packaging,A,Annual,W1501,Packaging,RT_TGT2025,Rate (2025 target and onwards),PT,Portugal,2011,,58.4,,,,,
dataflow,ESTAT:CEI_WM020(1.0),Recycling rate of packaging waste by type of packaging,A,Annual,W1501,Packaging,RT_TGT2025,Rate (2025 target and onwards),PT,Portugal,2012,,56.9,,,,,
dataflow,ESTAT:CEI_WM020(1.0),Recycling rate of packaging waste by type of packaging,A,Annual,W1501,Packaging,RT_TGT2025,Rate (2025 target and onwards),PT,Portugal,2013,,61.5,,,,,
dataflow,ESTAT:CEI_WM020(1.0),Recycling rate of packaging waste by type of packaging,A,Annual,W1501,Packaging,RT_TGT2025,Rate (2025 target and onwards),PT,Portugal,2014,,61,,,,,
dataflow,ESTAT:CEI_WM020(1.0),Recycling rate of packaging waste by type of packaging,A,Annual,W1501,Packaging,RT_TGT2025,Rate (2025 target and onwards),PT,Portugal,2015,,57.1,,,,,
dataflow,ESTAT:CEI_WM020(1.0),Recycling rate of packaging waste by type of packaging,A,Annual,W1501,Packaging,RT_TGT2025,Rate (2025 target and onwards),PT,Portugal,2016,,60.9,,,,,
dataflow,ESTAT:CEI_WM020(1.0),Recycling rate of packaging waste by type of packaging,A,Annual,W1501,Packaging,RT_TGT2025,Rate (2025 target and onwards),PT,Portugal,2017,,55.3,,b,break in time series,,
dataflow,ESTAT:CEI_WM020(1.0),Recycling rate of packaging waste by type of packaging,A,Annual,W1501,Packaging,RT_TGT2025,Rate (2025 target and onwards),PT,Portugal,2018,,57.9,,,,,
dataflow,ESTAT:CEI_WM020(1.0),Recycling rate of packaging waste by type of packaging,A,Annual,W1501,Packaging,RT_TGT2025,Rate (2025 target and onwards),PT,Portugal,2019,,62.8,,,,,
dataflow,ESTAT:CEI_WM020(1.0),Recycling rate of packaging waste by type of packaging,A,Annual,W1501,Packaging,RT_TGT2025,Rate (2025 target and onwards),PT,Portugal,2020,,59.5,,,,,
dataflow,ESTAT:CEI_WM020(1.0),Recycling rate of packaging waste by type of packaging,A,Annual,W1501,Packaging,RT_TGT2025,Rate (2025 target and onwards),PT,Portugal,2021,,63.1,,,,,
dataflow,ESTAT:CEI_WM020(1.0),Recycling rate of packaging waste by type of packaging,A,Annual,W1501,Packaging,RT_TGT2025,Rate (2025 target and onwards),PT,Portugal,2022,,61.1,,,,,
dataflow,ESTAT:CEI_WM020(1.0),Recycling rate of packaging waste by type of packaging,A,Annual,W1501,Packaging,RT_TGT2025,Rate (2025 target and onwards),PT,Portugal,2023,,61.8,,,,,
dataflow,ESTAT:CEI_WM020(1.0),Recycling rate of packaging waste by type of packaging,A,Annual,W1501,Packaging,RT_TGT2025,Rate (2025 target and onwards),RO,Romania,2005,,23,,,,,
dataflow,ESTAT:CEI_WM020(1.0),Recycling rate of packaging waste by type of packaging,A,Annual,W1501,Packaging,RT_TGT2025,Rate (2025 target and onwards),RO,Romania,2006,,28.6,,,,,
dataflow,ESTAT:CEI_WM020(1.0),Recycling rate of packaging waste by type of packaging,A,Annual,W1501,Packaging,RT_TGT2025,Rate (2025 target and onwards),RO,Romania,2007,,30.6,,,,,
dataflow,ESTAT:CEI_WM020(1.0),Recycling rate of packaging waste by type of packaging,A,Annual,W1501,Packaging,RT_TGT2025,Rate (2025 target and onwards),RO,Romania,2008,,33.5,,,,,
dataflow,ESTAT:CEI_WM020(1.0),Recycling rate of packaging waste by type of packaging,A,Annual,W1501,Packaging,RT_TGT2025,Rate (2025 target and onwards),RO,Romania,2009,,40.5,,,,,
dataflow,ESTAT:CEI_WM020(1.0),Recycling rate of packaging waste by type of packaging,A,Annual,W1501,Packaging,RT_TGT2025,Rate (2025 target and onwards),RO,Romania,2010,,43.4,,,,,
dataflow,ESTAT:CEI_WM020(1.0),Recycling rate of packaging waste by type of packaging,A,Annual,W1501,Packaging,RT_TGT2025,Rate (2025 target and onwards),RO,Romania,2011,,50,,,,,
dataflow,ESTAT:CEI_WM020(1.0),Recycling rate of packaging waste by type of packaging,A,Annual,W1501,Packaging,RT_TGT2025,Rate (2025 target and onwards),RO,Romania,2012,,56.8,,,,,
dataflow,ESTAT:CEI_WM020(1.0),Recycling rate of packaging waste by type of packaging,A,Annual,W1501,Packaging,RT_TGT2025,Rate (2025 target and onwards),RO,Romania,2013,,52.8,,,,,
dataflow,ESTAT:CEI_WM020(1.0),Recycling rate of packaging waste by type of packaging,A,Annual,W1501,Packaging,RT_TGT2025,Rate (2025 target and onwards),RO,Romania,2014,,54.8,,,,,
dataflow,ESTAT:CEI_WM020(1.0),Recycling rate of packaging waste by type of packaging,A,Annual,W1501,Packaging,RT_TGT2025,Rate (2025 target and onwards),RO,Romania,2015,,55.9,,,,,
dataflow,ESTAT:CEI_WM020(1.0),Recycling rate of packaging waste by type of packaging,A,Annual,W1501,Packaging,RT_TGT2025,Rate (2025 target and onwards),RO,Romania,2016,,60.4,,,,,
dataflow,ESTAT:CEI_WM020(1.0),Recycling rate of packaging waste by type of packaging,A,Annual,W1501,Packaging,RT_TGT2025,Rate (2025 target and onwards),RO,Romania,2017,,60.4,,,,,
dataflow,ESTAT:CEI_WM020(1.0),Recycling rate of packaging waste by type of packaging,A,Annual,W1501,Packaging,RT_TGT2025,Rate (2025 target and onwards),RO,Romania,2018,,57.9,,,,,
dataflow,ESTAT:CEI_WM020(1.0),Recycling rate of packaging waste by type of packaging,A,Annual,W1501,Packaging,RT_TGT2025,Rate (2025 target and onwards),RO,Romania,2019,,44.6,,b,break in time series,,
dataflow,ESTAT:CEI_WM020(1.0),Recycling rate of packaging waste by type of packaging,A,Annual,W1501,Packaging,RT_TGT2025,Rate (2025 target and onwards),RO,Romania,2020,,39.9,,,,,
dataflow,ESTAT:CEI_WM020(1.0),Recycling rate of packaging waste by type of packaging,A,Annual,W1501,Packaging,RT_TGT2025,Rate (2025 target and onwards),RO,Romania,2021,,38.3,,,,,
dataflow,ESTAT:CEI_WM020(1.0),Recycling rate of packaging waste by type of packaging,A,Annual,W1501,Packaging,RT_TGT2025,Rate (2025 target and onwards),RO,Romania,2022,,37.3,,,,,
dataflow,ESTAT:CEI_WM020(1.0),Recycling rate of packaging waste by type of packaging,A,Annual,W1501,Packaging,RT_TGT2025,Rate (2025 target and onwards),SE,Sweden,2000,,57.8,,,,,
dataflow,ESTAT:CEI_WM020(1.0),Recycling rate of packaging waste by type of packaging,A,Annual,W1501,Packaging,RT_TGT2025,Rate (2025 target and onwards),SE,Sweden,2001,,63.2,,,,,
dataflow,ESTAT:CEI_WM020(1.0),Recycling rate of packaging waste by type of packaging,A,Annual,W1501,Packaging,RT_TGT2025,Rate (2025 target and onwards),SE,Sweden,2002,,64.7,,,,,
dataflow,ESTAT:CEI_WM020(1.0),Recycling rate of packaging waste by type of packaging,A,Annual,W1501,Packaging,RT_TGT2025,Rate (2025 target and onwards),SE,Sweden,2003,,60,,,,,
dataflow,ESTAT:CEI_WM020(1.0),Recycling rate of packaging waste by type of packaging,A,Annual,W1501,Packaging,RT_TGT2025,Rate (2025 target and onwards),SE,Sweden,2004,,49.8,,,,,
dataflow,ESTAT:CEI_WM020(1.0),Recycling rate of packaging waste by type of packaging,A,Annual,W1501,Packaging,RT_TGT2025,Rate (2025 target and onwards),SE,Sweden,2005,,48.2,,,,,
dataflow,ESTAT:CEI_WM020(1.0),Recycling rate of packaging waste by type of packaging,A,Annual,W1501,Packaging,RT_TGT2025,Rate (2025 target and onwards),SE,Sweden,2006,,58.1,,,,,
dataflow,ESTAT:CEI_WM020(1.0),Recycling rate of packaging waste by type of packaging,A,Annual,W1501,Packaging,RT_TGT2025,Rate (2025 target and onwards),SE,Sweden,2007,,59.3,,,,,
dataflow,ESTAT:CEI_WM020(1.0),Recycling rate of packaging waste by type of packaging,A,Annual,W1501,Packaging,RT_TGT2025,Rate (2025 target and onwards),SE,Sweden,2008,,58.5,,,,,
dataflow,ESTAT:CEI_WM020(1.0),Recycling rate of packaging waste by type of packaging,A,Annual,W1501,Packaging,RT_TGT2025,Rate (2025 target and onwards),SE,Sweden,2009,,58.9,,,,,
dataflow,ESTAT:CEI_WM020(1.0),Recycling rate of packaging waste by type of packaging,A,Annual,W1501,Packaging,RT_TGT2025,Rate (2025 target and onwards),SE,Sweden,2010,,69.2,,,,,
dataflow,ESTAT:CEI_WM020(1.0),Recycling rate of packaging waste by type of packaging,A,Annual,W1501,Packaging,RT_TGT2025,Rate (2025 target and onwards),SE,Sweden,2011,,71.5,,,,,
dataflow,ESTAT:CEI_WM020(1.0),Recycling rate of packaging waste by type of packaging,A,Annual,W1501,Packaging,RT_TGT2025,Rate (2025 target and onwards),SE,Sweden,2012,,69.6,,,,,
dataflow,ESTAT:CEI_WM020(1.0),Recycling rate of packaging waste by type of packaging,A,Annual,W1501,Packaging,RT_TGT2025,Rate (2025 target and onwards),SE,Sweden,2013,,71.9,,,,,
dataflow,ESTAT:CEI_WM020(1.0),Recycling rate of packaging waste by type of packaging,A,Annual,W1501,Packaging,RT_TGT2025,Rate (2025 target and onwards),SE,Sweden,2014,,70.5,,,,,
dataflow,ESTAT:CEI_WM020(1.0),Recycling rate of packaging waste by type of packaging,A,Annual,W1501,Packaging,RT_TGT2025,Rate (2025 target and onwards),SE,Sweden,2015,,71.8,,,,,
dataflow,ESTAT:CEI_WM020(1.0),Recycling rate of packaging waste by type of packaging,A,Annual,W1501,Packaging,RT_TGT2025,Rate (2025 target and onwards),SE,Sweden,2016,,68.2,,,,,
dataflow,ESTAT:CEI_WM020(1.0),Recycling rate of packaging waste by type of packaging,A,Annual,W1501,Packaging,RT_TGT2025,Rate (2025 target and onwards),SE,Sweden,2017,,71.7,,,,,
dataflow,ESTAT:CEI_WM020(1.0),Recycling rate of packaging waste by type of packaging,A,Annual,W1501,Packaging,RT_TGT2025,Rate (2025 target and onwards),SE,Sweden,2018,,65,,,,,
dataflow,ESTAT:CEI_WM020(1.0),Recycling rate of packaging waste by type of packaging,A,Annual,W1501,Packaging,RT_TGT2025,Rate (2025 target and onwards),SE,Sweden,2019,,63.6,,,,,
dataflow,ESTAT:CEI_WM020(1.0),Recycling rate of packaging waste by type of packaging,A,Annual,W1501,Packaging,RT_TGT2025,Rate (2025 target and onwards),SE,Sweden,2020,,60.9,,,,,
dataflow,ESTAT:CEI_WM020(1.0),Recycling rate of packaging waste by type of packaging,A,Annual,W1501,Packaging,RT_TGT2025,Rate (2025 target and onwards),SE,Sweden,2021,,59.6,,,,,
dataflow,ESTAT:CEI_WM020(1.0),Recycling rate of packaging waste by type of packaging,A,Annual,W1501,Packaging,RT_TGT2025,Rate (2025 target and onwards),SE,Sweden,2022,,66.3,,,,,
dataflow,ESTAT:CEI_WM020(1.0),Recycling rate of packaging waste by type of packaging,A,Annual,W1501,Packaging,RT_TGT2025,Rate (2025 target and onwards),SE,Sweden,2023,,68.5,,,,,
dataflow,ESTAT:CEI_WM020(1.0),Recycling rate of packaging waste by type of packaging,A,Annual,W1501,Packaging,RT_TGT2025,Rate (2025 target and onwards),SI,Slovenia,2004,,34.3,,,,,
dataflow,ESTAT:CEI_WM020(1.0),Recycling rate of packaging waste by type of packaging,A,Annual,W1501,Packaging,RT_TGT2025,Rate (2025 target and onwards),SI,Slovenia,2005,,45.3,,,,,
dataflow,ESTAT:CEI_WM020(1.0),Recycling rate of packaging waste by type of packaging,A,Annual,W1501,Packaging,RT_TGT2025,Rate (2025 target and onwards),SI,Slovenia,2006,,40.3,,,,,
dataflow,ESTAT:CEI_WM020(1.0),Recycling rate of packaging waste by type of packaging,A,Annual,W1501,Packaging,RT_TGT2025,Rate (2025 target and onwards),SI,Slovenia,2007,,46.9,,,,,
dataflow,ESTAT:CEI_WM020(1.0),Recycling rate of packaging waste by type of packaging,A,Annual,W1501,Packaging,RT_TGT2025,Rate (2025 target and onwards),SI,Slovenia,2008,,52.4,,,,,
dataflow,ESTAT:CEI_WM020(1.0),Recycling rate of packaging waste by type of packaging,A,Annual,W1501,Packaging,RT_TGT2025,Rate (2025 target and onwards),SI,Slovenia,2009,,49.6,,,,,
dataflow,ESTAT:CEI_WM020(1.0),Recycling rate of packaging waste by type of packaging,A,Annual,W1501,Packaging,RT_TGT2025,Rate (2025 target and onwards),SI,Slovenia,2010,,61,,,,,
dataflow,ESTAT:CEI_WM020(1.0),Recycling rate of packaging waste by type of packaging,A,Annual,W1501,Packaging,RT_TGT2025,Rate (2025 target and onwards),SI,Slovenia,2011,,63.6,,,,,
dataflow,ESTAT:CEI_WM020(1.0),Recycling rate of packaging waste by type of packaging,A,Annual,W1501,Packaging,RT_TGT2025,Rate (2025 target and onwards),SI,Slovenia,2012,,66.9,,,,,
dataflow,ESTAT:CEI_WM020(1.0),Recycling rate of packaging waste by type of packaging,A,Annual,W1501,Packaging,RT_TGT2025,Rate (2025 target and onwards),SI,Slovenia,2013,,69,,,,,
dataflow,ESTAT:CEI_WM020(1.0),Recycling rate of packaging waste by type of packaging,A,Annual,W1501,Packaging,RT_TGT2025,Rate (2025 target and onwards),SI,Slovenia,2014,,70.4,,,,,
dataflow,ESTAT:CEI_WM020(1.0),Recycling rate of packaging waste by type of packaging,A,Annual,W1501,Packaging,RT_TGT2025,Rate (2025 target and onwards),SI,Slovenia,2015,,67,,,,,
dataflow,ESTAT:CEI_WM020(1.0),Recycling rate of packaging waste by type of packaging,A,Annual,W1501,Packaging,RT_TGT2025,Rate (2025 target and onwards),SI,Slovenia,2016,,69.4,,,,,
dataflow,ESTAT:CEI_WM020(1.0),Recycling rate of packaging waste by type of packaging,A,Annual,W1501,Packaging,RT_TGT2025,Rate (2025 target and onwards),SI,Slovenia,2017,,70.1,,,,,
dataflow,ESTAT:CEI_WM020(1.0),Recycling rate of packaging waste by type of packaging,A,Annual,W1501,Packaging,RT_TGT2025,Rate (2025 target and onwards),SI,Slovenia,2018,,68,,,,,
dataflow,ESTAT:CEI_WM020(1.0),Recycling rate of packaging waste by type of packaging,A,Annual,W1501,Packaging,RT_TGT2025,Rate (2025 target and onwards),SI,Slovenia,2019,,67.1,,,,,
dataflow,ESTAT:CEI_WM020(1.0),Recycling rate of packaging waste by type of packaging,A,Annual,W1501,Packaging,RT_TGT2025,Rate (2025 target and onwards),SI,Slovenia,2020,,67.9,,,,,
dataflow,ESTAT:CEI_WM020(1.0),Recycling rate of packaging waste by type of packaging,A,Annual,W1501,Packaging,RT_TGT2025,Rate (2025 target and onwards),SI,Slovenia,2021,,55.2,,,,,
dataflow,ESTAT:CEI_WM020(1.0),Recycling rate of packaging waste by type of packaging,A,Annual,W1501,Packaging,RT_TGT2025,Rate (2025 target and onwards),SI,Slovenia,2022,,62.6,,,,,
dataflow,ESTAT:CEI_WM020(1.0),Recycling rate of packaging waste by type of packaging,A,Annual,W1501,Packaging,RT_TGT2025,Rate (2025 target and onwards),SI,Slovenia,2023,,73.6,,,,,
dataflow,ESTAT:CEI_WM020(1.0),Recycling rate of packaging waste by type of packaging,A,Annual,W1501,Packaging,RT_TGT2025,Rate (2025 target and onwards),SK,Slovakia,2003,,36.3,,,,,
dataflow,ESTAT:CEI_WM020(1.0),Recycling rate of packaging waste by type of packaging,A,Annual,W1501,Packaging,RT_TGT2025,Rate (2025 target and onwards),SK,Slovakia,2004,,37.6,,,,,
dataflow,ESTAT:CEI_WM020(1.0),Recycling rate of packaging waste by type of packaging,A,Annual,W1501,Packaging,RT_TGT2025,Rate (2025 target and onwards),SK,Slovakia,2005,,29.8,,,,,
dataflow,ESTAT:CEI_WM020(1.0),Recycling rate of packaging waste by type of packaging,A,Annual,W1501,Packaging,RT_TGT2025,Rate (2025 target and onwards),SK,Slovakia,2006,,36.3,,,,,
dataflow,ESTAT:CEI_WM020(1.0),Recycling rate of packaging waste by type of packaging,A,Annual,W1501,Packaging,RT_TGT2025,Rate (2025 target and onwards),SK,Slovakia,2007,,61.1,,,,,
dataflow,ESTAT:CEI_WM020(1.0),Recycling rate of packaging waste by type of packaging,A,Annual,W1501,Packaging,RT_TGT2025,Rate (2025 target and onwards),SK,Slovakia,2008,,47.7,,,,,
dataflow,ESTAT:CEI_WM020(1.0),Recycling rate of packaging waste by type of packaging,A,Annual,W1501,Packaging,RT_TGT2025,Rate (2025 target and onwards),SK,Slovakia,2009,,59.9,,,,,
dataflow,ESTAT:CEI_WM020(1.0),Recycling rate of packaging waste by type of packaging,A,Annual,W1501,Packaging,RT_TGT2025,Rate (2025 target and onwards),SK,Slovakia,2010,,45.7,,,,,
dataflow,ESTAT:CEI_WM020(1.0),Recycling rate of packaging waste by type of packaging,A,Annual,W1501,Packaging,RT_TGT2025,Rate (2025 target and onwards),SK,Slovakia,2011,,62.4,,,,,
dataflow,ESTAT:CEI_WM020(1.0),Recycling rate of packaging waste by type of packaging,A,Annual,W1501,Packaging,RT_TGT2025,Rate (2025 target and onwards),SK,Slovakia,2012,,68.1,,,,,
dataflow,ESTAT:CEI_WM020(1.0),Recycling rate of packaging waste by type of packaging,A,Annual,W1501,Packaging,RT_TGT2025,Rate (2025 target and onwards),SK,Slovakia,2013,,65.9,,,,,
dataflow,ESTAT:CEI_WM020(1.0),Recycling rate of packaging waste by type of packaging,A,Annual,W1501,Packaging,RT_TGT2025,Rate (2025 target and onwards),SK,Slovakia,2014,,65.4,,,,,
dataflow,ESTAT:CEI_WM020(1.0),Recycling rate of packaging waste by type of packaging,A,Annual,W1501,Packaging,RT_TGT2025,Rate (2025 target and onwards),SK,Slovakia,2015,,64.3,,,,,
dataflow,ESTAT:CEI_WM020(1.0),Recycling rate of packaging waste by type of packaging,A,Annual,W1501,Packaging,RT_TGT2025,Rate (2025 target and onwards),SK,Slovakia,2016,,65.8,,,,,
dataflow,ESTAT:CEI_WM020(1.0),Recycling rate of packaging waste by type of packaging,A,Annual,W1501,Packaging,RT_TGT2025,Rate (2025 target and onwards),SK,Slovakia,2017,,65.7,,,,,
dataflow,ESTAT:CEI_WM020(1.0),Recycling rate of packaging waste by type of packaging,A,Annual,W1501,Packaging,RT_TGT2025,Rate (2025 target and onwards),SK,Slovakia,2018,,66.6,,,,,
dataflow,ESTAT:CEI_WM020(1.0),Recycling rate of packaging waste by type of packaging,A,Annual,W1501,Packaging,RT_TGT2025,Rate (2025 target and onwards),SK,Slovakia,2019,,67.5,,,,,
dataflow,ESTAT:CEI_WM020(1.0),Recycling rate of packaging waste by type of packaging,A,Annual,W1501,Packaging,RT_TGT2025,Rate (2025 target and onwards),SK,Slovakia,2020,,70.8,,d,definition differs (see metadata),,
dataflow,ESTAT:CEI_WM020(1.0),Recycling rate of packaging waste by type of packaging,A,Annual,W1501,Packaging,RT_TGT2025,Rate (2025 target and onwards),SK,Slovakia,2021,,73.9,,d,definition differs (see metadata),,
dataflow,ESTAT:CEI_WM020(1.0),Recycling rate of packaging waste by type of packaging,A,Annual,W1501,Packaging,RT_TGT2025,Rate (2025 target and onwards),SK,Slovakia,2022,,71.8,,d,definition differs (see metadata),,
dataflow,ESTAT:CEI_WM020(1.0),Recycling rate of packaging waste by type of packaging,A,Annual,W1501,Packaging,RT_TGT2025,Rate (2025 target and onwards),SK,Slovakia,2023,,71.9,,dp,"definition differs (see metadata), provisional",,
